discharge_condition,substrate,position,time_min,etch_depth_nm,etch_rate_nm_per_min,pred_piml
100W 13Pa 3min Ar:O2,Si,center,3,46.3122,15.437399999999998,12.819639
100W 13Pa 3min Ar:O2,Si,center,3,43.9873,14.662433333333333,12.819639
100W 13Pa 3min Ar:O2,Si,center,3,38.7393,12.9131,12.819639
100W 13Pa 3min Ar:O2,Si,center,3,40.4598,13.486600000000001,12.819639
100W 13Pa 3min Ar:O2,Si,center,3,39.4265,13.142166666666666,12.819639
100W 13Pa 3min Ar:O2,SiO2,center,3,86.8787,28.959566666666664,20.211296
100W 13Pa 3min Ar:O2,SiO2,center,3,83.0562,27.6854,20.211296
100W 13Pa 3min Ar:O2,SiO2,center,3,87.636,29.212,20.211296
100W 13Pa 3min Ar:O2,SiO2,center,3,80.7284,26.909466666666663,20.211296
100W 13Pa 3min Ar:O2,SiO2,center,3,80.7713,26.923766666666666,20.211296
100W 13Pa 3min Ar:O2,SiN,center,3,63.4229,21.140966666666667,29.022984
100W 13Pa 3min Ar:O2,SiN,center,3,58.7331,19.5777,29.022984
100W 13Pa 3min Ar:O2,SiN,center,3,58.9504,19.650133333333333,29.022984
100W 13Pa 3min Ar:O2,SiN,center,3,66.4068,22.1356,29.022984
100W 13Pa 3min Ar:O2,SiN,center,3,68.4482,22.816066666666668,29.022984
100W 13Pa 3min Ar:O2,Si,center,3,59.8278,19.942600000000002,21.363497
100W 13Pa 3min Ar:O2,Si,center,3,55.3219,18.440633333333334,21.363497
100W 13Pa 3min Ar:O2,Si,center,3,59.2619,19.753966666666667,21.363497
100W 13Pa 3min Ar:O2,Si,center,3,61.3448,20.448266666666665,21.363497
100W 13Pa 3min Ar:O2,Si,center,3,50.0913,16.6971,21.363497
100W 13Pa 3min Ar:O2,SiO2,center,3,96.0038,32.001266666666666,24.814823
100W 13Pa 3min Ar:O2,SiO2,center,3,94.629,31.543000000000003,24.814823
100W 13Pa 3min Ar:O2,SiO2,center,3,94.0798,31.359933333333334,24.814823
100W 13Pa 3min Ar:O2,SiO2,center,3,100.214,33.404666666666664,24.814823
100W 13Pa 3min Ar:O2,SiO2,center,3,92.0507,30.683566666666668,24.814823
100W 13Pa 3min Ar:O2,SiN,center,3,91.7875,30.59583333333333,31.820389
100W 13Pa 3min Ar:O2,SiN,center,3,89.4425,29.814166666666665,31.820389
100W 13Pa 3min Ar:O2,SiN,center,3,93.2778,31.0926,31.820389
100W 13Pa 3min Ar:O2,SiN,center,3,84.457,28.15233333333333,31.820389
100W 13Pa 3min Ar:O2,SiN,center,3,92.9104,30.970133333333333,31.820389
100W 13Pa 3min Ar:O2,Si,center,3,66.5807,22.193566666666666,28.053085
100W 13Pa 3min Ar:O2,Si,center,3,76.3393,25.44643333333333,28.053085
100W 13Pa 3min Ar:O2,Si,center,3,72.3636,24.1212,28.053085
100W 13Pa 3min Ar:O2,Si,center,3,71.6583,23.8861,28.053085
100W 13Pa 3min Ar:O2,Si,center,3,84.7918,28.26393333333333,28.053085
100W 13Pa 3min Ar:O2,SiO2,center,3,104.034,34.678000000000004,28.439901
100W 13Pa 3min Ar:O2,SiO2,center,3,105.732,35.244,28.439901
100W 13Pa 3min Ar:O2,SiO2,center,3,104.259,34.753,28.439901
100W 13Pa 3min Ar:O2,SiO2,center,3,97.6298,32.54326666666667,28.439901
100W 13Pa 3min Ar:O2,SiO2,center,3,105.916,35.30533333333333,28.439901
100W 13Pa 3min Ar:O2,SiN,center,3,94.6211,31.540366666666667,33.677963
100W 13Pa 3min Ar:O2,SiN,center,3,95.3191,31.773033333333334,33.677963
100W 13Pa 3min Ar:O2,SiN,center,3,93.327,31.108999999999998,33.677963
100W 13Pa 3min Ar:O2,SiN,center,3,96.7909,32.26363333333333,33.677963
100W 13Pa 3min Ar:O2,SiN,center,3,93.4775,31.159166666666668,33.677963
100W 13Pa 3min Ar:O2,Si,center,3,74.554,24.851333333333333,32.655212
100W 13Pa 3min Ar:O2,Si,center,3,76.261,25.420333333333332,32.655212
100W 13Pa 3min Ar:O2,Si,center,3,73.9566,24.652199999999997,32.655212
100W 13Pa 3min Ar:O2,Si,center,3,83.1945,27.7315,32.655212
100W 13Pa 3min Ar:O2,Si,center,3,81.7836,27.261200000000002,32.655212
100W 13Pa 3min Ar:O2,SiO2,center,3,102.869,34.28966666666667,31.38219
100W 13Pa 3min Ar:O2,SiO2,center,3,104.165,34.72166666666667,31.38219
100W 13Pa 3min Ar:O2,SiO2,center,3,109.201,36.40033333333333,31.38219
100W 13Pa 3min Ar:O2,SiO2,center,3,108.226,36.07533333333333,31.38219
100W 13Pa 3min Ar:O2,SiO2,center,3,105.391,35.13033333333333,31.38219
100W 13Pa 3min Ar:O2,Si,center,3,86.0354,28.678466666666665,35.57722
100W 13Pa 3min Ar:O2,Si,center,3,80.4901,26.830033333333333,35.57722
100W 13Pa 3min Ar:O2,Si,center,3,91.7949,30.5983,35.57722
100W 13Pa 3min Ar:O2,Si,center,3,80.5721,26.857366666666667,35.57722
100W 13Pa 3min Ar:O2,Si,center,3,84.7033,28.23443333333333,35.57722
100W 13Pa 3min Ar:O2,SiO2,center,3,104.951,34.983666666666664,33.832718
100W 13Pa 3min Ar:O2,SiO2,center,3,111.823,37.27433333333333,33.832718
100W 13Pa 3min Ar:O2,SiO2,center,3,110.745,36.915,33.832718
100W 13Pa 3min Ar:O2,SiO2,center,3,110.635,36.87833333333334,33.832718
100W 13Pa 3min Ar:O2,SiN,center,3,132.066,44.022,34.689167
100W 13Pa 3min Ar:O2,SiN,center,3,138.048,46.016,34.689167
100W 13Pa 3min Ar:O2,SiN,center,3,135.942,45.314,34.689167
100W 13Pa 3min Ar:O2,SiN,center,3,135.186,45.062000000000005,34.689167
100W 13Pa 3min Ar:O2,SiN,center,3,134.379,44.793,34.689167
10W 13Pa 10min Ar:O2,Si,center,10,13.181,1.3180999999999998,2.352607
10W 13Pa 10min Ar:O2,Si,center,10,17.5025,1.75025,2.352607
10W 13Pa 10min Ar:O2,Si,center,10,14.9454,1.49454,2.352607
10W 13Pa 10min Ar:O2,Si,center,10,25.5298,2.5529800000000002,2.352607
10W 13Pa 10min Ar:O2,Si,center,10,16.5122,1.65122,2.352607
10W 13Pa 10min Ar:O2,SiO2,center,10,31.8212,3.1821200000000003,2.4139442
10W 13Pa 10min Ar:O2,SiO2,center,10,22.0406,2.20406,2.4139442
10W 13Pa 10min Ar:O2,SiO2,center,10,22.1303,2.21303,2.4139442
10W 13Pa 10min Ar:O2,SiO2,center,10,22.0766,2.2076599999999997,2.4139442
10W 13Pa 10min Ar:O2,SiO2,center,10,25.4851,2.54851,2.4139442
10W 13Pa 10min Ar:O2,SiN,center,10,12.2553,1.22553,1.958319
10W 13Pa 10min Ar:O2,SiN,center,10,17.8682,1.78682,1.958319
10W 13Pa 10min Ar:O2,SiN,center,10,12.0768,1.20768,1.958319
10W 13Pa 10min Ar:O2,SiN,center,10,9.47498,0.9474980000000001,1.958319
10W 13Pa 10min Ar:O2,SiN,center,10,8.11975,0.811975,1.958319
10W 13Pa 10min Ar:O2,Si,center,10,14.9673,1.49673,2.4813592
10W 13Pa 10min Ar:O2,Si,center,10,19.5592,1.95592,2.4813592
10W 13Pa 10min Ar:O2,Si,center,10,14.1942,1.4194200000000001,2.4813592
10W 13Pa 10min Ar:O2,Si,center,10,11.5163,1.15163,2.4813592
10W 13Pa 10min Ar:O2,Si,center,10,17.5192,1.7519200000000001,2.4813592
10W 13Pa 10min Ar:O2,SiO2,center,10,16.0836,1.60836,2.4556847
10W 13Pa 10min Ar:O2,SiO2,center,10,18.976,1.8976,2.4556847
10W 13Pa 10min Ar:O2,SiO2,center,10,18.6546,1.86546,2.4556847
10W 13Pa 10min Ar:O2,SiO2,center,10,18.3707,1.83707,2.4556847
10W 13Pa 10min Ar:O2,SiO2,center,10,21.6601,2.16601,2.4556847
10W 13Pa 10min Ar:O2,SiN,center,10,10.1916,1.0191599999999998,2.024005
10W 13Pa 10min Ar:O2,SiN,center,10,12.107,1.2106999999999999,2.024005
10W 13Pa 10min Ar:O2,SiN,center,10,8.50821,0.850821,2.024005
10W 13Pa 10min Ar:O2,SiN,center,10,14.3167,1.43167,2.024005
10W 13Pa 10min Ar:O2,SiN,center,10,8.76059,0.876059,2.024005
10W 13Pa 10min Ar:O2,Si,center,10,14.3574,1.43574,2.5862951
10W 13Pa 10min Ar:O2,Si,center,10,12.7007,1.27007,2.5862951
10W 13Pa 10min Ar:O2,Si,center,10,14.7864,1.47864,2.5862951
10W 13Pa 10min Ar:O2,Si,center,10,15.0898,1.50898,2.5862951
10W 13Pa 10min Ar:O2,Si,center,10,9.26266,0.926266,2.5862951
10W 13Pa 10min Ar:O2,SiO2,center,10,8.35963,0.8359629999999999,2.4594154
10W 13Pa 10min Ar:O2,SiO2,center,10,5.55763,0.555763,2.4594154
10W 13Pa 10min Ar:O2,SiO2,center,10,4.58864,0.458864,2.4594154
10W 13Pa 10min Ar:O2,SiO2,center,10,6.67299,0.6672990000000001,2.4594154
10W 13Pa 10min Ar:O2,SiO2,center,10,6.50636,0.650636,2.4594154
10W 13Pa 10min Ar:O2,SiN,center,10,14.4518,1.4451800000000001,2.0380774
10W 13Pa 10min Ar:O2,SiN,center,10,20.2874,2.02874,2.0380774
10W 13Pa 10min Ar:O2,SiN,center,10,17.2608,1.72608,2.0380774
10W 13Pa 10min Ar:O2,SiN,center,10,15.6579,1.56579,2.0380774
10W 13Pa 10min Ar:O2,SiN,center,10,21.6913,2.16913,2.0380774
10W 13Pa 10min Ar:O2,Si,center,10,25.4495,2.54495,2.6612322
10W 13Pa 10min Ar:O2,Si,center,10,25.816,2.5816,2.6612322
10W 13Pa 10min Ar:O2,Si,center,10,19.7548,1.97548,2.6612322
10W 13Pa 10min Ar:O2,Si,center,10,21.6231,2.16231,2.6612322
10W 13Pa 10min Ar:O2,Si,center,10,23.3457,2.3345700000000003,2.6612322
10W 13Pa 10min Ar:O2,SiO2,center,10,29.7207,2.97207,2.4231455
10W 13Pa 10min Ar:O2,SiO2,center,10,26.9596,2.69596,2.4231455
10W 13Pa 10min Ar:O2,SiO2,center,10,21.6644,2.16644,2.4231455
10W 13Pa 10min Ar:O2,SiO2,center,10,26.9239,2.69239,2.4231455
10W 13Pa 10min Ar:O2,SiO2,center,10,28.0017,2.80017,2.4231455
10W 13Pa 10min Ar:O2,SiN,center,10,28.6039,2.8603899999999998,1.984987
10W 13Pa 10min Ar:O2,SiN,center,10,16.8933,1.68933,1.984987
10W 13Pa 10min Ar:O2,SiN,center,10,25.6199,2.56199,1.984987
10W 13Pa 10min Ar:O2,SiN,center,10,18.4336,1.8433599999999999,1.984987
10W 13Pa 10min Ar:O2,SiN,center,10,16.6151,1.6615100000000003,1.984987
10W 13Pa 10min Ar:O2,Si,center,10,24.965,2.4965,2.6995885
10W 13Pa 10min Ar:O2,Si,center,10,27.4044,2.74044,2.6995885
10W 13Pa 10min Ar:O2,Si,center,10,24.4136,2.44136,2.6995885
10W 13Pa 10min Ar:O2,Si,center,10,26.4077,2.64077,2.6995885
10W 13Pa 10min Ar:O2,Si,center,10,26.8865,2.68865,2.6995885
10W 13Pa 10min Ar:O2,SiO2,center,10,23.1233,2.31233,2.346058
10W 13Pa 10min Ar:O2,SiO2,center,10,21.7327,2.17327,2.346058
10W 13Pa 10min Ar:O2,SiO2,center,10,25.3055,2.53055,2.346058
10W 13Pa 10min Ar:O2,SiO2,center,10,27.5055,2.75055,2.346058
10W 13Pa 10min Ar:O2,SiO2,center,10,27.842,2.7842,2.346058
10W 13Pa 10min Ar:O2,SiN,center,10,19.3612,1.93612,1.8535595
10W 13Pa 10min Ar:O2,SiN,center,10,15.4538,1.54538,1.8535595
10W 13Pa 10min Ar:O2,SiN,center,10,30.0649,3.0064900000000003,1.8535595
10W 13Pa 10min Ar:O2,SiN,center,10,24.9642,2.49642,1.8535595
10W 13Pa 10min Ar:O2,Si,center,10,21.2979,2.12979,2.6950986
10W 13Pa 10min Ar:O2,Si,center,10,28.3304,2.83304,2.6950986
10W 13Pa 10min Ar:O2,Si,center,10,26.1312,2.61312,2.6950986
10W 13Pa 10min Ar:O2,Si,center,10,29.4295,2.94295,2.6950986
10W 13Pa 10min Ar:O2,Si,center,10,25.7342,2.57342,2.6950986
10W 13Pa 10min Ar:O2,SiO2,center,10,22.8251,2.28251,2.2283611
10W 13Pa 10min Ar:O2,SiO2,center,10,28.9275,2.89275,2.2283611
10W 13Pa 10min Ar:O2,SiO2,center,10,22.0998,2.20998,2.2283611
10W 13Pa 10min Ar:O2,SiO2,center,10,20.0208,2.0020800000000003,2.2283611
10W 13Pa 10min Ar:O2,SiO2,center,10,22.8212,2.28212,2.2283611
10W 13Pa 10min Ar:O2,SiN,center,10,26.068,2.6068000000000002,1.6440282
10W 13Pa 10min Ar:O2,SiN,center,10,20.2947,2.02947,1.6440282
10W 13Pa 10min Ar:O2,SiN,center,10,17.9109,1.79109,1.6440282
10W 13Pa 10min Ar:O2,SiN,center,10,13.821,1.3820999999999999,1.6440282
10W 13Pa 10min Ar:O2,Si,center,10,26.059,2.6059,2.642688
10W 13Pa 10min Ar:O2,Si,center,10,36.0703,3.6070300000000004,2.642688
10W 13Pa 10min Ar:O2,Si,center,10,36.0726,3.60726,2.642688
10W 13Pa 10min Ar:O2,Si,center,10,32.8453,3.28453,2.642688
10W 13Pa 10min Ar:O2,Si,center,10,32.3913,3.2391300000000003,2.642688
10W 13Pa 10min Ar:O2,SiO2,center,10,29.8015,2.98015,2.0709946
10W 13Pa 10min Ar:O2,SiO2,center,10,33.4213,3.34213,2.0709946
10W 13Pa 10min Ar:O2,SiO2,center,10,30.4388,3.04388,2.0709946
10W 13Pa 10min Ar:O2,SiO2,center,10,30.2333,3.02333,2.0709946
10W 13Pa 10min Ar:O2,SiO2,center,10,23.0453,2.30453,2.0709946
10W 13Pa 10min Ar:O2,SiN,center,10,13.2712,1.32712,1.3678858
10W 13Pa 10min Ar:O2,SiN,center,10,12.7118,1.27118,1.3678858
10W 13Pa 10min Ar:O2,SiN,center,10,20.961,2.0961,1.3678858
10W 13Pa 10min Ar:O2,SiN,center,10,26.2531,2.62531,1.3678858
10W 13Pa 10min Ar:O2,SiN,center,10,13.7803,1.37803,1.3678858
10W 13Pa 10min Ar:O2,Si,center,10,18.2593,1.82593,2.539272
10W 13Pa 10min Ar:O2,Si,center,10,17.1784,1.71784,2.539272
10W 13Pa 10min Ar:O2,Si,center,10,19.4944,1.9494399999999998,2.539272
10W 13Pa 10min Ar:O2,Si,center,10,20.7982,2.0798200000000002,2.539272
10W 13Pa 10min Ar:O2,Si,center,10,20.886,2.0886,2.539272
10W 13Pa 10min Ar:O2,SiO2,center,10,12.3255,1.23255,1.8753824
10W 13Pa 10min Ar:O2,SiO2,center,10,21.1346,2.11346,1.8753824
10W 13Pa 10min Ar:O2,SiO2,center,10,13.199,1.3199,1.8753824
10W 13Pa 10min Ar:O2,SiO2,center,10,20.56,2.056,1.8753824
10W 13Pa 10min Ar:O2,SiO2,center,10,29.0174,2.9017399999999998,1.8753824
10W 13Pa 10min Ar:O2,SiN,center,10,16.4397,1.64397,1.039504
10W 13Pa 10min Ar:O2,SiN,center,10,15.1917,1.5191700000000001,1.039504
10W 13Pa 10min Ar:O2,SiN,center,10,20.7169,2.07169,1.039504
10W 13Pa 10min Ar:O2,SiN,center,10,16.9443,1.6944299999999999,1.039504
10W 13Pa 10min Ar:O2,SiN,center,10,15.5123,1.5512299999999999,1.039504
10W 13Pa 10min Ar:O2,Si,center,10,9.71259,0.9712590000000001,2.384191
10W 13Pa 10min Ar:O2,Si,center,10,8.97624,0.8976240000000001,2.384191
10W 13Pa 10min Ar:O2,Si,center,10,10.1036,1.01036,2.384191
10W 13Pa 10min Ar:O2,Si,center,10,10.1264,1.01264,2.384191
10W 13Pa 10min Ar:O2,Si,center,10,11.0967,1.10967,2.384191
10W 13Pa 10min Ar:O2,SiO2,center,10,16.3203,1.6320299999999999,1.6434464
10W 13Pa 10min Ar:O2,SiO2,center,10,14.3033,1.43033,1.6434464
10W 13Pa 10min Ar:O2,SiO2,center,10,17.7141,1.77141,1.6434464
10W 13Pa 10min Ar:O2,SiO2,center,10,20.5675,2.05675,1.6434464
10W 13Pa 10min Ar:O2,SiO2,center,10,20.4404,2.04404,1.6434464
10W 13Pa 10min Ar:O2,SiN,center,10,17.934,1.7934,0.6690569
10W 13Pa 10min Ar:O2,SiN,center,10,23.674,2.3674,0.6690569
10W 13Pa 10min Ar:O2,SiN,center,10,11.4943,1.1494300000000002,0.6690569
10W 13Pa 10min Ar:O2,SiN,center,10,24.2618,2.42618,0.6690569
10W 13Pa 10min Ar:O2,SiN,center,10,11.8192,1.18192,0.6690569
10W 13Pa 10min Ar:O2,Si,edge,10,7.01415,0.701415,1.7122023
10W 13Pa 10min Ar:O2,Si,edge,10,6.81571,0.681571,1.7122023
10W 13Pa 10min Ar:O2,Si,edge,10,4.98802,0.49880199999999997,1.7122023
10W 13Pa 10min Ar:O2,Si,edge,10,4.17446,0.417446,1.7122023
10W 13Pa 10min Ar:O2,Si,edge,10,7.26063,0.726063,1.7122023
10W 13Pa 10min Ar:O2,SiO2,edge,10,36.052,3.6052,1.6697202
10W 13Pa 10min Ar:O2,SiO2,edge,10,34.7686,3.47686,1.6697202
10W 13Pa 10min Ar:O2,SiO2,edge,10,22.085,2.2085,1.6697202
10W 13Pa 10min Ar:O2,SiO2,edge,10,37.0512,3.70512,1.6697202
10W 13Pa 10min Ar:O2,SiO2,edge,10,23.0558,2.30558,1.6697202
10W 13Pa 10min Ar:O2,SiN,edge,10,6.92141,0.692141,1.1824968
10W 13Pa 10min Ar:O2,SiN,edge,10,8.9587,0.89587,1.1824968
10W 13Pa 10min Ar:O2,SiN,edge,10,16.2524,1.6252400000000002,1.1824968
10W 13Pa 10min Ar:O2,SiN,edge,10,16.2934,1.6293399999999998,1.1824968
10W 13Pa 10min Ar:O2,SiN,edge,10,16.7304,1.6730399999999999,1.1824968
10W 13Pa 10min Ar:O2,Si,edge,10,4.88558,0.488558,1.8756163
10W 13Pa 10min Ar:O2,Si,edge,10,5.99065,0.599065,1.8756163
10W 13Pa 10min Ar:O2,Si,edge,10,5.75493,0.575493,1.8756163
10W 13Pa 10min Ar:O2,Si,edge,10,10.5516,1.05516,1.8756163
10W 13Pa 10min Ar:O2,Si,edge,10,8.12263,0.812263,1.8756163
10W 13Pa 10min Ar:O2,SiO2,edge,10,28.5823,2.85823,1.7967365
10W 13Pa 10min Ar:O2,SiO2,edge,10,31.9509,3.19509,1.7967365
10W 13Pa 10min Ar:O2,SiO2,edge,10,28.2649,2.82649,1.7967365
10W 13Pa 10min Ar:O2,SiN,edge,10,5.79928,0.579928,1.138844
10W 13Pa 10min Ar:O2,SiN,edge,10,6.36954,0.636954,1.138844
10W 13Pa 10min Ar:O2,SiN,edge,10,9.75133,0.9751329999999999,1.138844
10W 13Pa 10min Ar:O2,SiN,edge,10,7.81524,0.781524,1.138844
10W 13Pa 10min Ar:O2,SiN,edge,10,9.57868,0.957868,1.138844
10W 13Pa 10min Ar:O2,Si,edge,10,4.13897,0.41389699999999996,2.0259333
10W 13Pa 10min Ar:O2,Si,edge,10,6.78666,0.678666,2.0259333
10W 13Pa 10min Ar:O2,Si,edge,10,5.03778,0.503778,2.0259333
10W 13Pa 10min Ar:O2,Si,edge,10,4.7909,0.47908999999999996,2.0259333
10W 13Pa 10min Ar:O2,Si,edge,10,4.82005,0.482005,2.0259333
10W 13Pa 10min Ar:O2,SiO2,edge,10,18.5163,1.85163,1.8980832
10W 13Pa 10min Ar:O2,SiO2,edge,10,14.116,1.4116,1.8980832
10W 13Pa 10min Ar:O2,SiO2,edge,10,14.4204,1.44204,1.8980832
10W 13Pa 10min Ar:O2,SiO2,edge,10,11.1407,1.1140700000000001,1.8980832
10W 13Pa 10min Ar:O2,SiO2,edge,10,15.6206,1.56206,1.8980832
10W 13Pa 10min Ar:O2,SiN,edge,10,5.2245,0.52245,1.0435796
10W 13Pa 10min Ar:O2,SiN,edge,10,3.31084,0.331084,1.0435796
10W 13Pa 10min Ar:O2,SiN,edge,10,7.53812,0.753812,1.0435796
10W 13Pa 10min Ar:O2,SiN,edge,10,4.45622,0.445622,1.0435796
10W 13Pa 10min Ar:O2,SiN,edge,10,11.237,1.1237,1.0435796
10W 13Pa 10min Ar:O2,Si,edge,10,3.34821,0.334821,2.1603725
10W 13Pa 10min Ar:O2,Si,edge,10,6.20914,0.620914,2.1603725
10W 13Pa 10min Ar:O2,Si,edge,10,6.94824,0.694824,2.1603725
10W 13Pa 10min Ar:O2,Si,edge,10,5.67305,0.567305,2.1603725
10W 13Pa 10min Ar:O2,Si,edge,10,7.3491,0.73491,2.1603725
10W 13Pa 10min Ar:O2,SiO2,edge,10,5.54105,0.5541050000000001,1.9692445
10W 13Pa 10min Ar:O2,SiO2,edge,10,6.62033,0.662033,1.9692445
10W 13Pa 10min Ar:O2,SiO2,edge,10,9.62156,0.962156,1.9692445
10W 13Pa 10min Ar:O2,SiO2,edge,10,4.57925,0.457925,1.9692445
10W 13Pa 10min Ar:O2,SiO2,edge,10,13.9345,1.39345,1.9692445
10W 13Pa 10min Ar:O2,Si,edge,10,10.0628,1.0062799999999998,2.2756376
10W 13Pa 10min Ar:O2,Si,edge,10,10.2432,1.02432,2.2756376
10W 13Pa 10min Ar:O2,Si,edge,10,9.713,0.9712999999999999,2.2756376
10W 13Pa 10min Ar:O2,Si,edge,10,9.2342,0.9234199999999999,2.2756376
10W 13Pa 10min Ar:O2,Si,edge,10,10.32423,1.032423,2.2756376
10W 13Pa 10min Ar:O2,SiO2,edge,10,6.68955,0.668955,2.0059276
10W 13Pa 10min Ar:O2,SiO2,edge,10,9.26776,0.926776,2.0059276
10W 13Pa 10min Ar:O2,SiO2,edge,10,8.99888,0.899888,2.0059276
10W 13Pa 10min Ar:O2,SiO2,edge,10,6.75667,0.675667,2.0059276
10W 13Pa 10min Ar:O2,SiO2,edge,10,6.16157,0.6161570000000001,2.0059276
10W 13Pa 10min Ar:O2,SiN,edge,10,16.0916,1.60916,0.72407246
10W 13Pa 10min Ar:O2,SiN,edge,10,10.4959,1.04959,0.72407246
10W 13Pa 10min Ar:O2,SiN,edge,10,17.1984,1.71984,0.72407246
10W 13Pa 10min Ar:O2,SiN,edge,10,13.1277,1.31277,0.72407246
10W 13Pa 10min Ar:O2,SiN,edge,10,17.4374,1.74374,0.72407246
10W 13Pa 10min Ar:O2,Si,edge,10,10.0996,1.00996,2.3678272
10W 13Pa 10min Ar:O2,Si,edge,10,8.72843,0.8728429999999999,2.3678272
10W 13Pa 10min Ar:O2,Si,edge,10,6.66071,0.666071,2.3678272
10W 13Pa 10min Ar:O2,Si,edge,10,8.29537,0.829537,2.3678272
10W 13Pa 10min Ar:O2,Si,edge,10,11.2034,1.1203400000000001,2.3678272
10W 13Pa 10min Ar:O2,SiO2,edge,10,14.4297,1.44297,2.004337
10W 13Pa 10min Ar:O2,SiO2,edge,10,11.9262,1.19262,2.004337
10W 13Pa 10min Ar:O2,SiO2,edge,10,14.7335,1.47335,2.004337
10W 13Pa 10min Ar:O2,SiO2,edge,10,14.8618,1.48618,2.004337
10W 13Pa 10min Ar:O2,SiO2,edge,10,19.8434,1.98434,2.004337
10W 13Pa 10min Ar:O2,SiN,edge,10,12.1767,1.21767,0.5064788
10W 13Pa 10min Ar:O2,SiN,edge,10,7.32601,0.7326010000000001,0.5064788
10W 13Pa 10min Ar:O2,SiN,edge,10,8.58103,0.8581030000000001,0.5064788
10W 13Pa 10min Ar:O2,SiN,edge,10,15.5112,1.55112,0.5064788
10W 13Pa 10min Ar:O2,SiN,edge,10,14.4048,1.44048,0.5064788
10W 13Pa 10min Ar:O2,Si,edge,10,20.7745,2.07745,2.4323993
10W 13Pa 10min Ar:O2,Si,edge,10,14.3476,1.43476,2.4323993
10W 13Pa 10min Ar:O2,Si,edge,10,16.3428,1.63428,2.4323993
10W 13Pa 10min Ar:O2,Si,edge,10,21.1628,2.11628,2.4323993
10W 13Pa 10min Ar:O2,Si,edge,10,32.2414,3.22414,2.4323993
10W 13Pa 10min Ar:O2,SiO2,edge,10,14.1086,1.41086,1.9614303
10W 13Pa 10min Ar:O2,SiO2,edge,10,12.6178,1.2617800000000001,1.9614303
10W 13Pa 10min Ar:O2,SiO2,edge,10,11.6874,1.1687400000000001,1.9614303
10W 13Pa 10min Ar:O2,SiO2,edge,10,13.559,1.3558999999999999,1.9614303
10W 13Pa 10min Ar:O2,SiO2,edge,10,15.5394,1.55394,1.9614303
10W 13Pa 10min Ar:O2,SiN,edge,10,16.1175,1.61175,0.24963045
10W 13Pa 10min Ar:O2,SiN,edge,10,21.2874,2.12874,0.24963045
10W 13Pa 10min Ar:O2,SiN,edge,10,13.0196,1.30196,0.24963045
10W 13Pa 10min Ar:O2,SiN,edge,10,9.78476,0.978476,0.24963045
10W 13Pa 10min Ar:O2,SiN,edge,10,11.8126,1.18126,0.24963045
10W 13Pa 10min Ar:O2,Si,edge,10,17.011,1.7010999999999998,2.464268
10W 13Pa 10min Ar:O2,Si,edge,10,11.9755,1.1975500000000001,2.464268
10W 13Pa 10min Ar:O2,Si,edge,10,14.8747,1.48747,2.464268
10W 13Pa 10min Ar:O2,Si,edge,10,10.1697,1.0169700000000002,2.464268
10W 13Pa 10min Ar:O2,Si,edge,10,10.6545,1.06545,2.464268
10W 13Pa 10min Ar:O2,SiO2,edge,10,21.4673,2.1467300000000002,1.8751423
10W 13Pa 10min Ar:O2,SiO2,edge,10,18.0132,1.80132,1.8751423
10W 13Pa 10min Ar:O2,SiO2,edge,10,22.8491,2.28491,1.8751423
10W 13Pa 10min Ar:O2,SiO2,edge,10,16.6134,1.6613399999999998,1.8751423
10W 13Pa 10min Ar:O2,SiO2,edge,10,14.6904,1.4690400000000001,1.8751423
10W 13Pa 10min Ar:O2,SiN,edge,10,22.3368,2.23368,-0.046350956
10W 13Pa 10min Ar:O2,SiN,edge,10,30.2844,3.0284400000000002,-0.046350956
10W 13Pa 10min Ar:O2,SiN,edge,10,20.8053,2.08053,-0.046350956
10W 13Pa 10min Ar:O2,SiN,edge,10,20.4867,2.04867,-0.046350956
10W 13Pa 10min Ar:O2,Si,edge,10,12.9049,1.29049,2.4580703
10W 13Pa 10min Ar:O2,Si,edge,10,12.3387,1.23387,2.4580703
10W 13Pa 10min Ar:O2,Si,edge,10,9.76412,0.9764120000000001,2.4580703
10W 13Pa 10min Ar:O2,Si,edge,10,13.4762,1.34762,2.4580703
10W 13Pa 10min Ar:O2,Si,edge,10,10.1553,1.01553,2.4580703
10W 13Pa 10min Ar:O2,SiO2,edge,10,21.7318,2.17318,1.7446127
10W 13Pa 10min Ar:O2,SiO2,edge,10,26.5787,2.65787,1.7446127
10W 13Pa 10min Ar:O2,SiO2,edge,10,21.2377,2.12377,1.7446127
10W 13Pa 10min Ar:O2,SiO2,edge,10,20.9849,2.09849,1.7446127
10W 13Pa 10min Ar:O2,SiO2,edge,10,21.6065,2.16065,1.7446127
10W 13Pa 10min Ar:O2,SiN,edge,10,13.6258,1.36258,-0.37901926
10W 13Pa 10min Ar:O2,SiN,edge,10,10.7776,1.07776,-0.37901926
10W 13Pa 10min Ar:O2,SiN,edge,10,18.14553,1.814553,-0.37901926
10W 13Pa 10min Ar:O2,SiN,edge,10,14.9769,1.49769,-0.37901926
10W 13Pa 10min Ar:O2,SiN,edge,10,18.9304,1.8930399999999998,-0.37901926
50W Ar:CF4=3:3 5min,Si,center,5,91.7088,18.34176,16.88829
50W Ar:CF4=3:3 5min,Si,center,5,88.9183,17.78366,16.88829
50W Ar:CF4=3:3 5min,Si,center,5,78.298,15.659600000000001,16.88829
50W Ar:CF4=3:3 5min,Si,center,5,84.2729,16.854580000000002,16.88829
50W Ar:CF4=3:3 5min,Si,center,5,86.879,17.3758,16.88829
50W Ar:CF4=3:3 5min,Si,center,5,88.444,17.6888,16.88829
50W Ar:CF4=3:3 5min,Si,center,5,86.2904,17.25808,16.88829
50W Ar:CF4=3:3 5min,Si,center,5,98.836,19.7672,16.88829
50W Ar:CF4=3:3 5min,Si,center,5,85.8452,17.169040000000003,16.88829
50W Ar:CF4=3:3 5min,Si,center,5,92.9394,18.587880000000002,16.88829
50W Ar:CF4=3:3 5min,SiO2,center,5,78.611,15.7222,20.58316
50W Ar:CF4=3:3 5min,SiO2,center,5,93.293,18.6586,20.58316
50W Ar:CF4=3:3 5min,SiO2,center,5,85.789,17.1578,20.58316
50W Ar:CF4=3:3 5min,SiO2,center,5,94.332,18.8664,20.58316
50W Ar:CF4=3:3 5min,SiO2,center,5,85.108,17.0216,20.58316
50W Ar:CF4=3:3 5min,SiO2,center,5,90.7992,18.15984,20.58316
50W Ar:CF4=3:3 5min,SiO2,center,5,89.7911,17.95822,20.58316
50W Ar:CF4=3:3 5min,SiO2,center,5,88.1029,17.62058,20.58316
50W Ar:CF4=3:3 5min,SiO2,center,5,87.8858,17.57716,20.58316
50W Ar:CF4=3:3 5min,SiO2,center,5,92.2375,18.447499999999998,20.58316
50W Ar:CF4=3:3 5min,SiN,center,5,150.931,30.186200000000003,34.198837
50W Ar:CF4=3:3 5min,SiN,center,5,164.429,32.8858,34.198837
50W Ar:CF4=3:3 5min,SiN,center,5,152.461,30.492200000000004,34.198837
50W Ar:CF4=3:3 5min,SiN,center,5,154.831,30.966199999999997,34.198837
50W Ar:CF4=3:3 5min,SiN,center,5,152.116,30.4232,34.198837
50W Ar:CF4=3:3 5min,SiN,center,5,157.722,31.544400000000003,34.198837
50W Ar:CF4=3:3 5min,SiN,center,5,163.747,32.7494,34.198837
50W Ar:CF4=3:3 5min,SiN,center,5,161.117,32.2234,34.198837
50W Ar:CF4=3:3 5min,SiN,center,5,153.326,30.6652,34.198837
50W Ar:CF4=3:3 5min,SiN,center,5,150.654,30.1308,34.198837
50W Ar:CF4=3:3 5min,Si,center,5,91.2544,18.250880000000002,19.124598
50W Ar:CF4=3:3 5min,Si,center,5,97.1934,19.438679999999998,19.124598
50W Ar:CF4=3:3 5min,Si,center,5,87.7229,17.54458,19.124598
50W Ar:CF4=3:3 5min,Si,center,5,93.2137,18.64274,19.124598
50W Ar:CF4=3:3 5min,Si,center,5,104.358,20.8716,19.124598
50W Ar:CF4=3:3 5min,Si,center,5,100.843,20.1686,19.124598
50W Ar:CF4=3:3 5min,Si,center,5,92.4741,18.49482,19.124598
50W Ar:CF4=3:3 5min,Si,center,5,94.532,18.906399999999998,19.124598
50W Ar:CF4=3:3 5min,Si,center,5,96.4974,19.29948,19.124598
50W Ar:CF4=3:3 5min,Si,center,5,89.3611,17.87222,19.124598
50W Ar:CF4=3:3 5min,SiO2,center,5,104.775,20.955000000000002,20.731777
50W Ar:CF4=3:3 5min,SiO2,center,5,112.218,22.4436,20.731777
50W Ar:CF4=3:3 5min,SiO2,center,5,111.76,22.352,20.731777
50W Ar:CF4=3:3 5min,SiO2,center,5,103.27,20.654,20.731777
50W Ar:CF4=3:3 5min,SiO2,center,5,100.386,20.077199999999998,20.731777
50W Ar:CF4=3:3 5min,SiO2,center,5,102.369,20.4738,20.731777
50W Ar:CF4=3:3 5min,SiO2,center,5,95.8721,19.17442,20.731777
50W Ar:CF4=3:3 5min,SiO2,center,5,101.208,20.2416,20.731777
50W Ar:CF4=3:3 5min,SiO2,center,5,100.015,20.003,20.731777
50W Ar:CF4=3:3 5min,SiO2,center,5,101.247,20.2494,20.731777
50W Ar:CF4=3:3 5min,SiN,center,5,158.743,31.7486,32.29768
50W Ar:CF4=3:3 5min,SiN,center,5,163.151,32.6302,32.29768
50W Ar:CF4=3:3 5min,SiN,center,5,159.114,31.8228,32.29768
50W Ar:CF4=3:3 5min,SiN,center,5,165.374,33.074799999999996,32.29768
50W Ar:CF4=3:3 5min,SiN,center,5,171.183,34.236599999999996,32.29768
50W Ar:CF4=3:3 5min,SiN,center,5,162.763,32.5526,32.29768
50W Ar:CF4=3:3 5min,SiN,center,5,160.127,32.025400000000005,32.29768
50W Ar:CF4=3:3 5min,SiN,center,5,167.964,33.5928,32.29768
50W Ar:CF4=3:3 5min,SiN,center,5,161.692,32.3384,32.29768
50W Ar:CF4=3:3 5min,SiN,center,5,167.376,33.4752,32.29768
50W Ar:CF4=3:3 5min,Si,center,5,113.273,22.6546,20.48302
50W Ar:CF4=3:3 5min,Si,center,5,103.378,20.6756,20.48302
50W Ar:CF4=3:3 5min,Si,center,5,105.832,21.1664,20.48302
50W Ar:CF4=3:3 5min,Si,center,5,103.152,20.6304,20.48302
50W Ar:CF4=3:3 5min,Si,center,5,96.1309,19.22618,20.48302
50W Ar:CF4=3:3 5min,Si,center,5,96.5333,19.30666,20.48302
50W Ar:CF4=3:3 5min,Si,center,5,102.874,20.5748,20.48302
50W Ar:CF4=3:3 5min,Si,center,5,98.002,19.6004,20.48302
50W Ar:CF4=3:3 5min,Si,center,5,103.109,20.6218,20.48302
50W Ar:CF4=3:3 5min,Si,center,5,101.273,20.2546,20.48302
50W Ar:CF4=3:3 5min,SiO2,center,5,91.9689,18.39378,20.199715
50W Ar:CF4=3:3 5min,SiO2,center,5,99.7407,19.948140000000002,20.199715
50W Ar:CF4=3:3 5min,SiO2,center,5,80.4725,16.0945,20.199715
50W Ar:CF4=3:3 5min,SiO2,center,5,98.3075,19.6615,20.199715
50W Ar:CF4=3:3 5min,SiO2,center,5,97.7033,19.54066,20.199715
50W Ar:CF4=3:3 5min,SiO2,center,5,94.3156,18.863120000000002,20.199715
50W Ar:CF4=3:3 5min,SiO2,center,5,94.9059,18.981180000000002,20.199715
50W Ar:CF4=3:3 5min,SiO2,center,5,96.64,19.328,20.199715
50W Ar:CF4=3:3 5min,SiO2,center,5,88.1675,17.6335,20.199715
50W Ar:CF4=3:3 5min,SiO2,center,5,95.8122,19.16244,20.199715
50W Ar:CF4=3:3 5min,SiN,center,5,162.035,32.407,29.743357
50W Ar:CF4=3:3 5min,SiN,center,5,159.205,31.841,29.743357
50W Ar:CF4=3:3 5min,SiN,center,5,191.181,38.236200000000004,29.743357
50W Ar:CF4=3:3 5min,SiN,center,5,176.472,35.2944,29.743357
50W Ar:CF4=3:3 5min,SiN,center,5,185.907,37.181400000000004,29.743357
50W Ar:CF4=3:3 5min,SiN,center,5,170.265,34.053,29.743357
50W Ar:CF4=3:3 5min,SiN,center,5,171.768,34.3536,29.743357
50W Ar:CF4=3:3 5min,SiN,center,5,172.5,34.5,29.743357
50W Ar:CF4=3:3 5min,SiN,center,5,163.181,32.6362,29.743357
50W Ar:CF4=3:3 5min,SiN,center,5,166.268,33.2536,29.743357
50W Ar:CF4=3:3 5min,Si,center,5,90.9224,18.18448,14.702864
50W Ar:CF4=3:3 5min,Si,center,5,90.195,18.038999999999998,14.702864
50W Ar:CF4=3:3 5min,Si,center,5,96.5148,19.30296,14.702864
50W Ar:CF4=3:3 5min,Si,center,5,107.318,21.4636,14.702864
50W Ar:CF4=3:3 5min,Si,center,5,96.3715,19.2743,14.702864
50W Ar:CF4=3:3 5min,Si,center,5,98.5728,19.71456,14.702864
50W Ar:CF4=3:3 5min,Si,center,5,94.1654,18.833080000000002,14.702864
50W Ar:CF4=3:3 5min,Si,center,5,92.3992,18.47984,14.702864
50W Ar:CF4=3:3 5min,Si,center,5,96.4096,19.28192,14.702864
50W Ar:CF4=3:3 5min,Si,center,5,105.594,21.1188,14.702864
50W Ar:CF4=3:3 5min,SiO2,center,5,50.6736,10.13472,9.96335
50W Ar:CF4=3:3 5min,SiO2,center,5,42.2195,8.4439,9.96335
50W Ar:CF4=3:3 5min,SiO2,center,5,46.7384,9.34768,9.96335
50W Ar:CF4=3:3 5min,SiO2,center,5,48.9071,9.78142,9.96335
50W Ar:CF4=3:3 5min,SiO2,center,5,54.0753,10.815059999999999,9.96335
50W Ar:CF4=3:3 5min,SiO2,center,5,40.6853,8.13706,9.96335
50W Ar:CF4=3:3 5min,SiO2,center,5,40.5928,8.118559999999999,9.96335
50W Ar:CF4=3:3 5min,SiO2,center,5,50.3515,10.0703,9.96335
50W Ar:CF4=3:3 5min,SiO2,center,5,40.1682,8.03364,9.96335
50W Ar:CF4=3:3 5min,SiO2,center,5,45.1586,9.03172,9.96335
50W Ar:CF4=3:3 5min,SiN,center,5,29.4678,5.89356,7.723568
50W Ar:CF4=3:3 5min,SiN,center,5,37.1599,7.43198,7.723568
50W Ar:CF4=3:3 5min,SiN,center,5,26.2482,5.24964,7.723568
50W Ar:CF4=3:3 5min,SiN,center,5,28.798,5.7596,7.723568
50W Ar:CF4=3:3 5min,SiN,center,5,26.7934,5.35868,7.723568
50W Ar:CF4=3:3 5min,SiN,center,5,22.7884,4.5576799999999995,7.723568
50W Ar:CF4=3:3 5min,SiN,center,5,26.6614,5.33228,7.723568
50W Ar:CF4=3:3 5min,SiN,center,5,20.0375,4.0075,7.723568
50W Ar:CF4=3:3 5min,SiN,center,5,28.473,5.694599999999999,7.723568
50W Ar:CF4=3:3 5min,SiN,center,5,22.9677,4.59354,7.723568
50W Ar:CF4=3:3 5min,Si,center,5,121.052,24.2104,6.8824344
50W Ar:CF4=3:3 5min,Si,center,5,119.177,23.8354,6.8824344
50W Ar:CF4=3:3 5min,Si,center,5,108.386,21.6772,6.8824344
50W Ar:CF4=3:3 5min,Si,center,5,107.514,21.5028,6.8824344
50W Ar:CF4=3:3 5min,Si,center,5,114.263,22.852600000000002,6.8824344
50W Ar:CF4=3:3 5min,Si,center,5,108.476,21.6952,6.8824344
50W Ar:CF4=3:3 5min,Si,center,5,115.785,23.157,6.8824344
50W Ar:CF4=3:3 5min,Si,center,5,118.646,23.7292,6.8824344
50W Ar:CF4=3:3 5min,Si,center,5,107.338,21.467599999999997,6.8824344
50W Ar:CF4=3:3 5min,Si,center,5,108.072,21.6144,6.8824344
50W Ar:CF4=3:3 5min,SiO2,center,5,47.7155,9.543099999999999,4.88577
50W Ar:CF4=3:3 5min,SiO2,center,5,45.5347,9.10694,4.88577
50W Ar:CF4=3:3 5min,SiO2,center,5,38.5977,7.71954,4.88577
50W Ar:CF4=3:3 5min,SiO2,center,5,28.4325,5.6865000000000006,4.88577
50W Ar:CF4=3:3 5min,SiO2,center,5,24.4225,4.8845,4.88577
50W Ar:CF4=3:3 5min,SiO2,center,5,30.1004,6.02008,4.88577
50W Ar:CF4=3:3 5min,SiO2,center,5,34.2528,6.85056,4.88577
50W Ar:CF4=3:3 5min,SiO2,center,5,35.5342,7.10684,4.88577
50W Ar:CF4=3:3 5min,SiO2,center,5,39.6669,7.93338,4.88577
50W Ar:CF4=3:3 5min,SiO2,center,5,45.9982,9.199639999999999,4.88577
50W Ar:CF4=3:3 5min,SiN,center,5,6.82942,1.3658839999999999,3.7392268
50W Ar:CF4=3:3 5min,SiN,center,5,6.39368,1.2787359999999999,3.7392268
50W Ar:CF4=3:3 5min,SiN,center,5,10.1691,2.03382,3.7392268
50W Ar:CF4=3:3 5min,SiN,center,5,4.76501,0.953002,3.7392268
50W Ar:CF4=3:3 5min,SiN,center,5,22.8345,4.5668999999999995,3.7392268
50W Ar:CF4=3:3 5min,SiN,center,5,18.9856,3.7971200000000005,3.7392268
50W Ar:CF4=3:3 5min,SiN,center,5,19.2735,3.8547,3.7392268
50W Ar:CF4=3:3 5min,SiN,center,5,14.737,2.9474,3.7392268
50W Ar:CF4=3:3 5min,SiN,center,5,10.2772,2.05544,3.7392268
50W Ar:CF4=3:3 5min,SiN,center,5,19.9609,3.99218,3.7392268
20Pa Ar:CF4=3:3 5min,Si,center,5,41.0728,8.21456,8.203621
20Pa Ar:CF4=3:3 5min,Si,center,5,31.8491,6.36982,8.203621
20Pa Ar:CF4=3:3 5min,Si,center,5,30.4704,6.09408,8.203621
20Pa Ar:CF4=3:3 5min,Si,center,5,37.107,7.4214,8.203621
20Pa Ar:CF4=3:3 5min,Si,center,5,30.9853,6.19706,8.203621
20Pa Ar:CF4=3:3 5min,SiO2,center,5,17.9344,3.58688,6.086327
20Pa Ar:CF4=3:3 5min,SiO2,center,5,27.3131,5.462619999999999,6.086327
20Pa Ar:CF4=3:3 5min,SiO2,center,5,15.3234,3.06468,6.086327
20Pa Ar:CF4=3:3 5min,SiO2,center,5,29.4405,5.8881,6.086327
20Pa Ar:CF4=3:3 5min,SiO2,center,5,28.5691,5.71382,6.086327
20Pa Ar:CF4=3:3 5min,SiO2,center,5,24.1212,4.8242400000000005,6.086327
20Pa Ar:CF4=3:3 5min,SiO2,center,5,33.6665,6.7333,6.086327
20Pa Ar:CF4=3:3 5min,SiO2,center,5,25.5843,5.11686,6.086327
20Pa Ar:CF4=3:3 5min,SiO2,center,5,25.9543,5.19086,6.086327
20Pa Ar:CF4=3:3 5min,SiO2,center,5,20.1404,4.02808,6.086327
20Pa Ar:CF4=3:3 5min,SiN,center,5,3.15459,0.630918,5.5417852
20Pa Ar:CF4=3:3 5min,SiN,center,5,1.87892,0.375784,5.5417852
20Pa Ar:CF4=3:3 5min,SiN,center,5,1.65116,0.33023199999999997,5.5417852
20Pa Ar:CF4=3:3 5min,SiN,center,5,1.1011,0.22022,5.5417852
20Pa Ar:CF4=3:3 5min,SiN,center,5,2.44421,0.488842,5.5417852
20Pa Ar:CF4=3:3 5min,Si,center,5,61.0386,12.20772,13.257084
20Pa Ar:CF4=3:3 5min,Si,center,5,79.534,15.9068,13.257084
20Pa Ar:CF4=3:3 5min,Si,center,5,69.252,13.850399999999999,13.257084
20Pa Ar:CF4=3:3 5min,Si,center,5,71.8168,14.36336,13.257084
20Pa Ar:CF4=3:3 5min,Si,center,5,72.7301,14.546019999999999,13.257084
20Pa Ar:CF4=3:3 5min,SiO2,center,5,62.9124,12.58248,6.7584996
20Pa Ar:CF4=3:3 5min,SiO2,center,5,55.2446,11.048919999999999,6.7584996
20Pa Ar:CF4=3:3 5min,SiO2,center,5,38.3031,7.66062,6.7584996
20Pa Ar:CF4=3:3 5min,SiO2,center,5,51.1725,10.2345,6.7584996
20Pa Ar:CF4=3:3 5min,SiO2,center,5,48.0235,9.6047,6.7584996
20Pa Ar:CF4=3:3 5min,SiO2,center,5,35.1402,7.02804,6.7584996
20Pa Ar:CF4=3:3 5min,SiO2,center,5,33.9187,6.78374,6.7584996
20Pa Ar:CF4=3:3 5min,SiO2,center,5,35.7773,7.15546,6.7584996
20Pa Ar:CF4=3:3 5min,SiO2,center,5,43.2595,8.651900000000001,6.7584996
20Pa Ar:CF4=3:3 5min,SiO2,center,5,37.9733,7.59466,6.7584996
20Pa Ar:CF4=3:3 5min,SiN,center,5,20.2032,4.04064,7.462294
20Pa Ar:CF4=3:3 5min,SiN,center,5,12.0213,2.40426,7.462294
20Pa Ar:CF4=3:3 5min,SiN,center,5,24.3825,4.8765,7.462294
20Pa Ar:CF4=3:3 5min,SiN,center,5,14.1563,2.83126,7.462294
20Pa Ar:CF4=3:3 5min,SiN,center,5,16.691,3.3381999999999996,7.462294
20Pa Ar:CF4=3:3 5min,Si,center,5,131.145,26.229000000000003,23.798557
20Pa Ar:CF4=3:3 5min,Si,center,5,119.261,23.8522,23.798557
20Pa Ar:CF4=3:3 5min,Si,center,5,123.033,24.6066,23.798557
20Pa Ar:CF4=3:3 5min,Si,center,5,121.898,24.3796,23.798557
20Pa Ar:CF4=3:3 5min,Si,center,5,123.059,24.6118,23.798557
20Pa Ar:CF4=3:3 5min,SiO2,center,5,79.4288,15.88576,10.951863
20Pa Ar:CF4=3:3 5min,SiO2,center,5,87.4685,17.4937,10.951863
20Pa Ar:CF4=3:3 5min,SiO2,center,5,80.7872,16.15744,10.951863
20Pa Ar:CF4=3:3 5min,SiO2,center,5,88.8463,17.76926,10.951863
20Pa Ar:CF4=3:3 5min,SiO2,center,5,88.7137,17.74274,10.951863
20Pa Ar:CF4=3:3 5min,SiO2,center,5,73.1647,14.63294,10.951863
20Pa Ar:CF4=3:3 5min,SiO2,center,5,64.5931,12.91862,10.951863
20Pa Ar:CF4=3:3 5min,SiO2,center,5,67.3375,13.467500000000001,10.951863
20Pa Ar:CF4=3:3 5min,SiO2,center,5,71.4118,14.28236,10.951863
20Pa Ar:CF4=3:3 5min,SiO2,center,5,75.9494,15.189879999999999,10.951863
20Pa Ar:CF4=3:3 5min,SiN,center,5,58.5165,11.7033,17.363852
20Pa Ar:CF4=3:3 5min,SiN,center,5,35.9887,7.1977400000000005,17.363852
20Pa Ar:CF4=3:3 5min,SiN,center,5,36.5288,7.305759999999999,17.363852
20Pa Ar:CF4=3:3 5min,SiN,center,5,34.6555,6.931100000000001,17.363852
20Pa Ar:CF4=3:3 5min,SiN,center,5,34.9368,6.98736,17.363852
20Pa Ar:CF4=3:3 5min,Si,center,5,171.156,34.2312,30.387547
20Pa Ar:CF4=3:3 5min,Si,center,5,169.347,33.8694,30.387547
20Pa Ar:CF4=3:3 5min,Si,center,5,158.438,31.687599999999996,30.387547
20Pa Ar:CF4=3:3 5min,Si,center,5,153.281,30.656200000000002,30.387547
20Pa Ar:CF4=3:3 5min,Si,center,5,146.873,29.374599999999997,30.387547
20Pa Ar:CF4=3:3 5min,SiO2,center,5,142.308,28.461599999999997,17.826899
20Pa Ar:CF4=3:3 5min,SiO2,center,5,148.931,29.7862,17.826899
20Pa Ar:CF4=3:3 5min,SiO2,center,5,142.696,28.5392,17.826899
20Pa Ar:CF4=3:3 5min,SiO2,center,5,134.426,26.885199999999998,17.826899
20Pa Ar:CF4=3:3 5min,SiO2,center,5,134.098,26.8196,17.826899
20Pa Ar:CF4=3:3 5min,SiO2,center,5,123.545,24.709,17.826899
20Pa Ar:CF4=3:3 5min,SiO2,center,5,117.061,23.412200000000002,17.826899
20Pa Ar:CF4=3:3 5min,SiO2,center,5,125.133,25.0266,17.826899
20Pa Ar:CF4=3:3 5min,SiO2,center,5,109.185,21.837,17.826899
20Pa Ar:CF4=3:3 5min,SiO2,center,5,111.711,22.3422,17.826899
20Pa Ar:CF4=3:3 5min,SiN,center,5,63.7169,12.74338,30.830812
20Pa Ar:CF4=3:3 5min,SiN,center,5,69.2681,13.853620000000001,30.830812
20Pa Ar:CF4=3:3 5min,SiN,center,5,58.5209,11.70418,30.830812
20Pa Ar:CF4=3:3 5min,SiN,center,5,73.8711,14.77422,30.830812
20Pa Ar:CF4=3:3 5min,SiN,center,5,61.8451,12.36902,30.830812
20Pa Ar:CF4=3:3 5min,Si,center,5,213.284,42.6568,34.76476
20Pa Ar:CF4=3:3 5min,Si,center,5,193.959,38.7918,34.76476
20Pa Ar:CF4=3:3 5min,Si,center,5,195.922,39.1844,34.76476
20Pa Ar:CF4=3:3 5min,Si,center,5,188.157,37.6314,34.76476
20Pa Ar:CF4=3:3 5min,Si,center,5,189.197,37.8394,34.76476
20Pa Ar:CF4=3:3 5min,SiO2,center,5,192.616,38.5232,22.800533
20Pa Ar:CF4=3:3 5min,SiO2,center,5,179.846,35.9692,22.800533
20Pa Ar:CF4=3:3 5min,SiO2,center,5,202.966,40.5932,22.800533
20Pa Ar:CF4=3:3 5min,SiO2,center,5,217.738,43.5476,22.800533
20Pa Ar:CF4=3:3 5min,SiO2,center,5,198.575,39.714999999999996,22.800533
20Pa Ar:CF4=3:3 5min,SiO2,center,5,163.434,32.6868,22.800533
20Pa Ar:CF4=3:3 5min,SiO2,center,5,162.609,32.5218,22.800533
20Pa Ar:CF4=3:3 5min,SiO2,center,5,150.188,30.037599999999998,22.800533
20Pa Ar:CF4=3:3 5min,SiO2,center,5,155.677,31.135399999999997,22.800533
20Pa Ar:CF4=3:3 5min,SiO2,center,5,145.211,29.0422,22.800533
8Pa 50W 5min Ar:CF4,Si,center,5,88.6901,17.73802,24.856918
8Pa 50W 5min Ar:CF4,Si,center,5,92.1839,18.43678,24.856918
8Pa 50W 5min Ar:CF4,Si,center,5,89.116,17.8232,24.856918
8Pa 50W 5min Ar:CF4,Si,center,5,96.109,19.221799999999998,24.856918
8Pa 50W 5min Ar:CF4,Si,center,5,97.8107,19.56214,24.856918
8Pa 50W 5min Ar:CF4,SiO2,center,5,120.013,24.0026,19.127228
8Pa 50W 5min Ar:CF4,SiO2,center,5,103.659,20.7318,19.127228
8Pa 50W 5min Ar:CF4,SiO2,center,5,100.272,20.0544,19.127228
8Pa 50W 5min Ar:CF4,SiO2,center,5,94.2807,18.85614,19.127228
8Pa 50W 5min Ar:CF4,SiO2,center,5,97.9212,19.58424,19.127228
8Pa 50W 5min Ar:CF4,SiN,center,5,156.44,31.288,27.997559
8Pa 50W 5min Ar:CF4,SiN,center,5,181.819,36.3638,27.997559
8Pa 50W 5min Ar:CF4,SiN,center,5,157.137,31.4274,27.997559
8Pa 50W 5min Ar:CF4,SiN,center,5,174.459,34.8918,27.997559
8Pa 50W 5min Ar:CF4,SiN,center,5,158.648,31.729599999999998,27.997559
8Pa 50W 5min Ar:CF4,Si,center,5,82.6934,16.53868,22.77432
8Pa 50W 5min Ar:CF4,Si,center,5,88.6732,17.73464,22.77432
8Pa 50W 5min Ar:CF4,Si,center,5,85.7412,17.14824,22.77432
8Pa 50W 5min Ar:CF4,Si,center,5,87.3802,17.47604,22.77432
8Pa 50W 5min Ar:CF4,Si,center,5,83.9421,16.78842,22.77432
8Pa 50W 5min Ar:CF4,SiO2,center,5,96.8548,19.37096,20.269712
8Pa 50W 5min Ar:CF4,SiO2,center,5,93.7404,18.748079999999998,20.269712
8Pa 50W 5min Ar:CF4,SiO2,center,5,102.713,20.5426,20.269712
8Pa 50W 5min Ar:CF4,SiO2,center,5,93.2241,18.644820000000003,20.269712
8Pa 50W 5min Ar:CF4,SiO2,center,5,91.8768,18.37536,20.269712
8Pa 50W 5min Ar:CF4,SiN,center,5,166.403,33.2806,30.180523
8Pa 50W 5min Ar:CF4,SiN,center,5,180.603,36.1206,30.180523
8Pa 50W 5min Ar:CF4,SiN,center,5,163.533,32.706599999999995,30.180523
8Pa 50W 5min Ar:CF4,SiN,center,5,177.682,35.5364,30.180523
8Pa 50W 5min Ar:CF4,SiN,center,5,165.948,33.1896,30.180523
8Pa 50W 5min Ar:CF4,Si,center,5,112.169,22.433799999999998,19.314392
8Pa 50W 5min Ar:CF4,Si,center,5,107.884,21.5768,19.314392
8Pa 50W 5min Ar:CF4,Si,center,5,104.782,20.9564,19.314392
8Pa 50W 5min Ar:CF4,Si,center,5,100.001,20.0002,19.314392
8Pa 50W 5min Ar:CF4,Si,center,5,90.1325,18.0265,19.314392
8Pa 50W 5min Ar:CF4,SiO2,center,5,112.84,22.568,20.294918
8Pa 50W 5min Ar:CF4,SiO2,center,5,116.073,23.214599999999997,20.294918
8Pa 50W 5min Ar:CF4,SiO2,center,5,111.567,22.313399999999998,20.294918
8Pa 50W 5min Ar:CF4,SiO2,center,5,116.654,23.3308,20.294918
8Pa 50W 5min Ar:CF4,SiO2,center,5,116.867,23.3734,20.294918
8Pa 50W 5min Ar:CF4,SiN,center,5,170.161,34.0322,30.643494
8Pa 50W 5min Ar:CF4,SiN,center,5,176.363,35.2726,30.643494
8Pa 50W 5min Ar:CF4,SiN,center,5,175.118,35.0236,30.643494
8Pa 50W 5min Ar:CF4,SiN,center,5,198.335,39.667,30.643494
8Pa 50W 5min Ar:CF4,SiN,center,5,194.394,38.8788,30.643494
8Pa 50W 5min Ar:CF4,Si,center,5,89.8683,17.973660000000002,13.79562
8Pa 50W 5min Ar:CF4,Si,center,5,87.8931,17.57862,13.79562
8Pa 50W 5min Ar:CF4,Si,center,5,97.2304,19.446080000000002,13.79562
8Pa 50W 5min Ar:CF4,Si,center,5,94.7967,18.95934,13.79562
8Pa 50W 5min Ar:CF4,Si,center,5,95.707,19.141399999999997,13.79562
8Pa 50W 5min Ar:CF4,SiO2,center,5,97.0066,19.401320000000002,19.06872
8Pa 50W 5min Ar:CF4,SiO2,center,5,91.3021,18.26042,19.06872
8Pa 50W 5min Ar:CF4,SiO2,center,5,89.4422,17.88844,19.06872
8Pa 50W 5min Ar:CF4,SiO2,center,5,100.696,20.1392,19.06872
8Pa 50W 5min Ar:CF4,SiO2,center,5,98.8634,19.77268,19.06872
8Pa 50W 5min Ar:CF4,SiN,center,5,156.663,31.332600000000003,29.438107
8Pa 50W 5min Ar:CF4,SiN,center,5,159.896,31.9792,29.438107
8Pa 50W 5min Ar:CF4,SiN,center,5,156.624,31.3248,29.438107
8Pa 50W 5min Ar:CF4,SiN,center,5,158.97,31.794,29.438107
8Pa 50W 5min Ar:CF4,SiN,center,5,168.59,33.718,29.438107
8Pa 50W 5min Ar:CF4,SiO2,center,5,78.592,15.718399999999999,15.644615
8Pa 50W 5min Ar:CF4,SiO2,center,5,79.1,15.819999999999999,15.644615
8Pa 50W 5min Ar:CF4,SiO2,center,5,74.91,14.982,15.644615
8Pa 50W 5min Ar:CF4,SiO2,center,5,87.5488,17.50976,15.644615
8Pa 50W 5min Ar:CF4,SiO2,center,5,83.8389,16.76778,15.644615
8Pa 50W 5min Ar:CF4,SiN,center,5,129.024,25.8048,25.797724
8Pa 50W 5min Ar:CF4,SiN,center,5,135.591,27.1182,25.797724
8Pa 50W 5min Ar:O2:CF4,SiO2,center,5,83.2425,16.648500000000002,20.498266
8Pa 50W 5min Ar:O2:CF4,SiO2,center,5,85.6487,17.12974,20.498266
8Pa 50W 5min Ar:O2:CF4,SiO2,center,5,98.6568,19.731360000000002,20.498266
8Pa 50W 5min Ar:O2:CF4,SiO2,center,5,87.0984,17.41968,20.498266
8Pa 50W 5min Ar:O2:CF4,SiO2,center,5,99.5609,19.91218,20.498266
8Pa 50W 5min Ar:O2:CF4,SiN,center,5,160.854,32.1708,29.313011
8Pa 50W 5min Ar:O2:CF4,SiN,center,5,175.472,35.0944,29.313011
8Pa 50W 5min Ar:O2:CF4,SiN,center,5,163.564,32.7128,29.313011
8Pa 50W 5min Ar:O2:CF4,SiN,center,5,161.565,32.313,29.313011
8Pa 50W 5min Ar:O2:CF4,SiN,center,5,152.624,30.5248,29.313011
8Pa 50W 5min Ar:O2:CF4,SiO2,center,5,107.084,21.416800000000002,23.709219
8Pa 50W 5min Ar:O2:CF4,SiO2,center,5,102.023,20.4046,23.709219
8Pa 50W 5min Ar:O2:CF4,SiO2,center,5,108.496,21.699199999999998,23.709219
8Pa 50W 5min Ar:O2:CF4,SiO2,center,5,106.078,21.215600000000002,23.709219
8Pa 50W 5min Ar:O2:CF4,SiO2,center,5,108.601,21.7202,23.709219
8Pa 50W 5min Ar:O2:CF4,SiN,center,5,170.674,34.1348,30.313313
8Pa 50W 5min Ar:O2:CF4,SiN,center,5,167.279,33.455799999999996,30.313313
8Pa 50W 5min Ar:O2:CF4,SiN,center,5,171.287,34.257400000000004,30.313313
8Pa 50W 5min Ar:O2:CF4,SiN,center,5,177.393,35.4786,30.313313
8Pa 50W 5min Ar:O2:CF4,SiN,center,5,178.103,35.6206,30.313313
8Pa 50W 5min Ar:O2:CF4,SiO2,center,5,96.2834,19.25668,24.955479
8Pa 50W 5min Ar:O2:CF4,SiO2,center,5,112.382,22.4764,24.955479
8Pa 50W 5min Ar:O2:CF4,SiO2,center,5,105.115,21.023,24.955479
8Pa 50W 5min Ar:O2:CF4,SiO2,center,5,104.361,20.8722,24.955479
8Pa 50W 5min Ar:O2:CF4,SiO2,center,5,107.485,21.497,24.955479
8Pa 50W 5min Ar:O2:CF4,SiN,center,5,182.802,36.5604,29.853958
8Pa 50W 5min Ar:O2:CF4,SiN,center,5,182.821,36.5642,29.853958
8Pa 50W 5min Ar:O2:CF4,SiN,center,5,178.33,35.666000000000004,29.853958
8Pa 50W 5min Ar:O2:CF4,SiN,center,5,185.442,37.0884,29.853958
8Pa 50W 5min Ar:O2:CF4,SiN,center,5,182.287,36.4574,29.853958
8Pa 50W 5min Ar:O2:CF4,SiO2,center,5,105.029,21.0058,24.476093
8Pa 50W 5min Ar:O2:CF4,SiO2,center,5,108.229,21.6458,24.476093
8Pa 50W 5min Ar:O2:CF4,SiO2,center,5,101.385,20.277,24.476093
8Pa 50W 5min Ar:O2:CF4,SiO2,center,5,104.33,20.866,24.476093
8Pa 50W 5min Ar:O2:CF4,SiO2,center,5,105.804,21.160800000000002,24.476093
8Pa 50W 5min Ar:O2:CF4,SiN,center,5,166.882,33.376400000000004,27.935677
8Pa 50W 5min Ar:O2:CF4,SiN,center,5,157.385,31.476999999999997,27.935677
8Pa 50W 5min Ar:O2:CF4,SiN,center,5,162.979,32.595800000000004,27.935677
8Pa 50W 5min Ar:O2:CF4,SiN,center,5,164.004,32.800799999999995,27.935677
8Pa 50W 5min Ar:O2:CF4,SiN,center,5,152.603,30.5206,27.935677
8Pa 50W 5min Ar:O2:CF4,SiO2,center,5,95.5406,19.10812,22.400517
8Pa 50W 5min Ar:O2:CF4,SiO2,center,5,80.953,16.1906,22.400517
8Pa 50W 5min Ar:O2:CF4,SiO2,center,5,90.46,18.092,22.400517
8Pa 50W 5min Ar:O2:CF4,SiO2,center,5,81.1277,16.225540000000002,22.400517
8Pa 50W 5min Ar:O2:CF4,SiO2,center,5,88.9843,17.796860000000002,22.400517
8Pa 50W 5min Ar:O2:CF4,SiN,center,5,127.62,25.524,24.322987
8Pa 50W 5min Ar:O2:CF4,SiN,center,5,123.53,24.706,24.322987
8Pa 50W 5min Ar:O2:CF4,SiN,center,5,131.678,26.3356,24.322987
8Pa 50W 5min Ar:O2:CF4,SiN,center,5,128.59,25.718,24.322987
8Pa 50W 5min Ar:O2:CF4,SiN,center,5,132.333,26.4666,24.322987
50W Ar:O2:CF4=10:5:35 2min,Si,center,2,50.6406,25.3203,26.482653
50W Ar:O2:CF4=10:5:35 2min,Si,center,2,54.3875,27.19375,26.482653
50W Ar:O2:CF4=10:5:35 2min,Si,center,2,45.2321,22.61605,26.482653
50W Ar:O2:CF4=10:5:35 2min,Si,center,2,43.0294,21.5147,26.482653
50W Ar:O2:CF4=10:5:35 2min,Si,center,2,42.9439,21.47195,26.482653
50W Ar:O2:CF4=10:5:35 2min,SiO2,center,2,63.6738,31.8369,31.478085
50W Ar:O2:CF4=10:5:35 2min,SiO2,center,2,58.6016,29.3008,31.478085
50W Ar:O2:CF4=10:5:35 2min,SiO2,center,2,57.261,28.6305,31.478085
50W Ar:O2:CF4=10:5:35 2min,SiO2,center,2,58.0037,29.00185,31.478085
50W Ar:O2:CF4=10:5:35 2min,SiO2,center,2,51.2828,25.6414,31.478085
50W Ar:O2:CF4=10:5:35 2min,SiN,center,2,77.9479,38.97395,40.428223
50W Ar:O2:CF4=10:5:35 2min,SiN,center,2,77.0951,38.54755,40.428223
50W Ar:O2:CF4=10:5:35 2min,SiN,center,2,79.3621,39.68105,40.428223
50W Ar:O2:CF4=10:5:35 2min,SiN,center,2,79.0985,39.54925,40.428223
50W Ar:O2:CF4=10:5:35 2min,SiN,center,2,80.8194,40.4097,40.428223
50W Ar:O2:CF4=10:5:35 2min,SiN,center,2,81.1142,40.5571,40.428223
50W Ar:O2:CF4=10:5:35 2min,SiN,center,2,66.2018,33.1009,40.428223
50W Ar:O2:CF4=10:5:35 2min,SiN,center,2,81.203,40.6015,40.428223
50W Ar:O2:CF4=10:5:35 2min,SiN,center,2,83.5609,41.78045,40.428223
50W Ar:O2:CF4=10:5:35 2min,SiN,center,2,70.4592,35.2296,40.428223
50W Ar:O2:CF4=10:5:35 2min,Si,center,2,53.5557,26.77785,27.829006
50W Ar:O2:CF4=10:5:35 2min,Si,center,2,50.0492,25.0246,27.829006
50W Ar:O2:CF4=10:5:35 2min,Si,center,2,52.2969,26.14845,27.829006
50W Ar:O2:CF4=10:5:35 2min,Si,center,2,49.342,24.671,27.829006
50W Ar:O2:CF4=10:5:35 2min,Si,center,2,50.4363,25.21815,27.829006
50W Ar:O2:CF4=10:5:35 2min,SiO2,center,2,64.1336,32.0668,31.958538
50W Ar:O2:CF4=10:5:35 2min,SiO2,center,2,58.1268,29.0634,31.958538
50W Ar:O2:CF4=10:5:35 2min,SiO2,center,2,60.7866,30.3933,31.958538
50W Ar:O2:CF4=10:5:35 2min,SiO2,center,2,59.0566,29.5283,31.958538
50W Ar:O2:CF4=10:5:35 2min,SiO2,center,2,58.0351,29.01755,31.958538
50W Ar:O2:CF4=10:5:35 2min,SiN,center,2,77.2268,38.6134,39.887745
50W Ar:O2:CF4=10:5:35 2min,SiN,center,2,74.884,37.442,39.887745
50W Ar:O2:CF4=10:5:35 2min,SiN,center,2,85.8541,42.92705,39.887745
50W Ar:O2:CF4=10:5:35 2min,SiN,center,2,82.4066,41.2033,39.887745
50W Ar:O2:CF4=10:5:35 2min,SiN,center,2,79.0722,39.5361,39.887745
50W Ar:O2:CF4=10:5:35 2min,SiN,center,2,81.3495,40.67475,39.887745
50W Ar:O2:CF4=10:5:35 2min,SiN,center,2,80.574,40.287,39.887745
50W Ar:O2:CF4=10:5:35 2min,SiN,center,2,77.8483,38.92415,39.887745
50W Ar:O2:CF4=10:5:35 2min,SiN,center,2,74.1614,37.0807,39.887745
50W Ar:O2:CF4=10:5:35 2min,SiN,center,2,95.0289,47.51445,39.887745
50W Ar:O2:CF4=10:5:35 2min,Si,center,2,57.2545,28.62725,28.913692
50W Ar:O2:CF4=10:5:35 2min,Si,center,2,52.6594,26.3297,28.913692
50W Ar:O2:CF4=10:5:35 2min,Si,center,2,56.3089,28.15445,28.913692
50W Ar:O2:CF4=10:5:35 2min,Si,center,2,54.4086,27.2043,28.913692
50W Ar:O2:CF4=10:5:35 2min,Si,center,2,53.4613,26.73065,28.913692
50W Ar:O2:CF4=10:5:35 2min,SiO2,center,2,62.7729,31.38645,32.25568
50W Ar:O2:CF4=10:5:35 2min,SiO2,center,2,54.4724,27.2362,32.25568
50W Ar:O2:CF4=10:5:35 2min,SiO2,center,2,59.6629,29.83145,32.25568
50W Ar:O2:CF4=10:5:35 2min,SiO2,center,2,69.3018,34.6509,32.25568
50W Ar:O2:CF4=10:5:35 2min,SiO2,center,2,61.0371,30.51855,32.25568
50W Ar:O2:CF4=10:5:35 2min,SiN,center,2,88.3308,44.1654,39.276638
50W Ar:O2:CF4=10:5:35 2min,SiN,center,2,87.3724,43.6862,39.276638
50W Ar:O2:CF4=10:5:35 2min,SiN,center,2,82.1664,41.0832,39.276638
50W Ar:O2:CF4=10:5:35 2min,SiN,center,2,82.0515,41.02575,39.276638
50W Ar:O2:CF4=10:5:35 2min,SiN,center,2,87.6744,43.8372,39.276638
50W Ar:O2:CF4=10:5:35 2min,SiN,center,2,83.7363,41.86815,39.276638
50W Ar:O2:CF4=10:5:35 2min,SiN,center,2,87.1051,43.55255,39.276638
50W Ar:O2:CF4=10:5:35 2min,SiN,center,2,93.7792,46.8896,39.276638
50W Ar:O2:CF4=10:5:35 2min,SiN,center,2,79.76,39.88,39.276638
50W Ar:O2:CF4=10:5:35 2min,SiN,center,2,84.4665,42.23325,39.276638
50W Ar:O2:CF4=10:5:35 2min,Si,center,2,53.1811,26.59055,29.781975
50W Ar:O2:CF4=10:5:35 2min,Si,center,2,52.7446,26.3723,29.781975
50W Ar:O2:CF4=10:5:35 2min,Si,center,2,54.1877,27.09385,29.781975
50W Ar:O2:CF4=10:5:35 2min,Si,center,2,55.2163,27.60815,29.781975
50W Ar:O2:CF4=10:5:35 2min,SiO2,center,2,63.8943,31.94715,32.40474
50W Ar:O2:CF4=10:5:35 2min,SiO2,center,2,63.7811,31.89055,32.40474
50W Ar:O2:CF4=10:5:35 2min,SiO2,center,2,61.9547,30.97735,32.40474
50W Ar:O2:CF4=10:5:35 2min,SiO2,center,2,63.5538,31.7769,32.40474
50W Ar:O2:CF4=10:5:35 2min,SiO2,center,2,60.5752,30.2876,32.40474
50W Ar:O2:CF4=10:5:35 2min,SiN,center,2,98.4467,49.22335,38.598812
50W Ar:O2:CF4=10:5:35 2min,SiN,center,2,97.4822,48.7411,38.598812
50W Ar:O2:CF4=10:5:35 2min,SiN,center,2,95.3191,47.65955,38.598812
50W Ar:O2:CF4=10:5:35 2min,SiN,center,2,92.9943,46.49715,38.598812
50W Ar:O2:CF4=10:5:35 2min,SiN,center,2,94.4683,47.23415,38.598812
50W Ar:O2:CF4=10:5:35 2min,SiN,center,2,94.7487,47.37435,38.598812
50W Ar:O2:CF4=10:5:35 2min,SiN,center,2,82.6302,41.3151,38.598812
50W Ar:O2:CF4=10:5:35 2min,SiN,center,2,91.5785,45.78925,38.598812
50W Ar:O2:CF4=10:5:35 2min,SiN,center,2,83.2223,41.61115,38.598812
50W Ar:O2:CF4=10:5:35 2min,SiN,center,2,89.5411,44.77055,38.598812
50W Ar:O2:CF4=10:5:35 2min,Si,center,2,40.1574,20.0787,30.468437
50W Ar:O2:CF4=10:5:35 2min,Si,center,2,48.9053,24.45265,30.468437
50W Ar:O2:CF4=10:5:35 2min,Si,center,2,48.7961,24.39805,30.468437
50W Ar:O2:CF4=10:5:35 2min,Si,center,2,50.1126,25.0563,30.468437
50W Ar:O2:CF4=10:5:35 2min,Si,center,2,62.1682,31.0841,30.468437
50W Ar:O2:CF4=10:5:35 2min,SiO2,center,2,62.1447,31.07235,32.430046
50W Ar:O2:CF4=10:5:35 2min,SiO2,center,2,60.803,30.4015,32.430046
50W Ar:O2:CF4=10:5:35 2min,SiO2,center,2,65.3622,32.6811,32.430046
50W Ar:O2:CF4=10:5:35 2min,SiO2,center,2,61.5214,30.7607,32.430046
50W Ar:O2:CF4=10:5:35 2min,SiO2,center,2,62.0298,31.0149,32.430046
50W Ar:O2:CF4=10:5:35 2min,SiN,center,2,97.9425,48.97125,37.84982
50W Ar:O2:CF4=10:5:35 2min,SiN,center,2,91.3382,45.6691,37.84982
50W Ar:O2:CF4=10:5:35 2min,SiN,center,2,96.0165,48.00825,37.84982
50W Ar:O2:CF4=10:5:35 2min,SiN,center,2,98.5098,49.2549,37.84982
50W Ar:O2:CF4=10:5:35 2min,SiN,center,2,87.1775,43.58875,37.84982
50W Ar:O2:CF4=10:5:35 2min,SiN,center,2,82.1611,41.08055,37.84982
50W Ar:O2:CF4=10:5:35 2min,SiN,center,2,89.2988,44.6494,37.84982
50W Ar:O2:CF4=10:5:35 2min,SiN,center,2,82.9044,41.4522,37.84982
50W Ar:O2:CF4=10:5:35 2min,SiN,center,2,85.4312,42.7156,37.84982
50W Ar:O2:CF4=10:5:35 2min,SiN,center,2,83.9678,41.9839,37.84982
50W Ar:O2:CF4=10:5:35 2min,Si,center,2,43.8238,21.9119,31.002317
50W Ar:O2:CF4=10:5:35 2min,Si,center,2,45.9007,22.95035,31.002317
50W Ar:O2:CF4=10:5:35 2min,Si,center,2,46.989,23.4945,31.002317
50W Ar:O2:CF4=10:5:35 2min,Si,center,2,44.9781,22.48905,31.002317
50W Ar:O2:CF4=10:5:35 2min,Si,center,2,46.0167,23.00835,31.002317
50W Ar:O2:CF4=10:5:35 2min,SiO2,center,2,68.8217,34.41085,32.35011
50W Ar:O2:CF4=10:5:35 2min,SiO2,center,2,61.3571,30.67855,32.35011
50W Ar:O2:CF4=10:5:35 2min,SiO2,center,2,56.2989,28.14945,32.35011
50W Ar:O2:CF4=10:5:35 2min,SiO2,center,2,63.6056,31.8028,32.35011
50W Ar:O2:CF4=10:5:35 2min,SiO2,center,2,55.7617,27.88085,32.35011
50W Ar:O2:CF4=10:5:35 2min,SiN,center,2,86.0651,43.03255,37.019806
50W Ar:O2:CF4=10:5:35 2min,SiN,center,2,82.6232,41.3116,37.019806
50W Ar:O2:CF4=10:5:35 2min,SiN,center,2,75.7652,37.8826,37.019806
50W Ar:O2:CF4=10:5:35 2min,SiN,center,2,96.8441,48.42205,37.019806
50W Ar:O2:CF4=10:5:35 2min,SiN,center,2,74.0946,37.0473,37.019806
50W Ar:O2:CF4=10:5:35 2min,SiN,center,2,82.1414,41.0707,37.019806
50W Ar:O2:CF4=10:5:35 2min,SiN,center,2,87.4383,43.71915,37.019806
50W Ar:O2:CF4=10:5:35 2min,SiN,center,2,86.989,43.4945,37.019806
50W Ar:O2:CF4=10:5:35 2min,SiN,center,2,70.9719,35.48595,37.019806
50W Ar:O2:CF4=10:5:35 2min,SiN,center,2,77.0287,38.51435,37.019806
50W 6Pa 2min Ar:O2:CF4,SiO2,center,2,67.9527,33.97635,33.568695
50W 6Pa 2min Ar:O2:CF4,SiO2,center,2,53.4358,26.7179,33.568695
50W 6Pa 2min Ar:O2:CF4,SiO2,center,2,58.1889,29.09445,33.568695
50W 6Pa 2min Ar:O2:CF4,SiO2,center,2,47.7217,23.86085,33.568695
50W 6Pa 2min Ar:O2:CF4,SiO2,center,2,62.4923,31.24615,33.568695
50W 6Pa 2min Ar:O2:CF4,SiN,center,2,69.4717,34.73585,41.314053
50W 6Pa 2min Ar:O2:CF4,SiN,center,2,71.1941,35.59705,41.314053
50W 6Pa 2min Ar:O2:CF4,SiN,center,2,78.3884,39.1942,41.314053
50W 6Pa 2min Ar:O2:CF4,SiN,center,2,72.0758,36.0379,41.314053
50W 6Pa 2min Ar:O2:CF4,SiN,center,2,74.8741,37.43705,41.314053
50W 6Pa 2min Ar:O2:CF4,SiO2,center,2,64.7593,32.37965,33.462303
50W 6Pa 2min Ar:O2:CF4,SiO2,center,2,66.0296,33.0148,33.462303
50W 6Pa 2min Ar:O2:CF4,SiO2,center,2,60.8782,30.4391,33.462303
50W 6Pa 2min Ar:O2:CF4,SiO2,center,2,60.9301,30.46505,33.462303
50W 6Pa 2min Ar:O2:CF4,SiO2,center,2,65.4067,32.70335,33.462303
50W 6Pa 2min Ar:O2:CF4,SiN,center,2,77.2268,38.6134,40.60487
50W 6Pa 2min Ar:O2:CF4,SiN,center,2,74.884,37.442,40.60487
50W 6Pa 2min Ar:O2:CF4,SiN,center,2,85.8541,42.92705,40.60487
50W 6Pa 2min Ar:O2:CF4,SiN,center,2,82.4066,41.2033,40.60487
50W 6Pa 2min Ar:O2:CF4,SiN,center,2,79.0722,39.5361,40.60487
50W 6Pa 2min Ar:O2:CF4,SiO2,center,2,50.6322,25.3161,29.673727
50W 6Pa 2min Ar:O2:CF4,SiO2,center,2,46.3941,23.19705,29.673727
50W 6Pa 2min Ar:O2:CF4,SiO2,center,2,60.253,30.1265,29.673727
50W 6Pa 2min Ar:O2:CF4,SiO2,center,2,51.3153,25.65765,29.673727
50W 6Pa 2min Ar:O2:CF4,SiO2,center,2,56.9775,28.48875,29.673727
50W 6Pa 2min Ar:O2:CF4,SiN,center,2,67.0192,33.5096,37.01652
50W 6Pa 2min Ar:O2:CF4,SiN,center,2,73.5734,36.7867,37.01652
50W 6Pa 2min Ar:O2:CF4,SiN,center,2,68.0843,34.04215,37.01652
50W 6Pa 2min Ar:O2:CF4,SiN,center,2,80.1001,40.05005,37.01652
50W 6Pa 2min Ar:O2:CF4,SiN,center,2,74.5678,37.2839,37.01652
50W 6Pa 2min Ar:O2:CF4,SiO2,center,2,48.9992,24.4996,19.526995
50W 6Pa 2min Ar:O2:CF4,SiO2,center,2,41.0286,20.5143,19.526995
50W 6Pa 2min Ar:O2:CF4,SiO2,center,2,38.1317,19.06585,19.526995
50W 6Pa 2min Ar:O2:CF4,SiO2,center,2,38.6234,19.3117,19.526995
50W 6Pa 2min Ar:O2:CF4,SiO2,center,2,40.7336,20.3668,19.526995
50W 6Pa 2min Ar:O2:CF4,SiN,center,2,39.5304,19.7652,30.563568
50W 6Pa 2min Ar:O2:CF4,SiN,center,2,52.0642,26.0321,30.563568
50W 6Pa 2min Ar:O2:CF4,SiN,center,2,47.6376,23.8188,30.563568
50W 6Pa 2min Ar:O2:CF4,SiN,center,2,43.5992,21.7996,30.563568
50W 6Pa 2min Ar:O2:CF4,SiN,center,2,47.5557,23.77785,30.563568
50W 6Pa 2min Ar:O2:CF4,SiO2,center,2,21.0391,10.51955,10.586012
50W 6Pa 2min Ar:O2:CF4,SiO2,center,2,37.3488,18.6744,10.586012
50W 6Pa 2min Ar:O2:CF4,SiO2,center,2,31.0035,15.50175,10.586012
50W 6Pa 2min Ar:O2:CF4,SiO2,center,2,29.503,14.7515,10.586012
50W 6Pa 2min Ar:O2:CF4,SiO2,center,2,33.5004,16.7502,10.586012
50W 6Pa 2min Ar:O2:CF4,SiN,center,2,26.2888,13.1444,20.343994
50W 6Pa 2min Ar:O2:CF4,SiN,center,2,26.7385,13.36925,20.343994
50W 6Pa 2min Ar:O2:CF4,SiN,center,2,22.7987,11.39935,20.343994
50W 6Pa 2min Ar:O2:CF4,SiN,center,2,22.0475,11.02375,20.343994
50W 6Pa 2min Ar:O2:CF4,SiN,center,2,18.6882,9.3441,20.343994
50W 6Pa 2min Ar:CF4,SiO2,center,2,19.0739,9.53695,15.809477
50W 6Pa 2min Ar:CF4,SiO2,center,2,31.6694,15.8347,15.809477
50W 6Pa 2min Ar:CF4,SiO2,center,2,32.2572,16.1286,15.809477
50W 6Pa 2min Ar:CF4,SiO2,center,2,23.6774,11.8387,15.809477
50W 6Pa 2min Ar:CF4,SiO2,center,2,19.3873,9.69365,15.809477
50W 6Pa 2min Ar:CF4,SiN,center,2,41.9347,20.96735,24.39038
50W 6Pa 2min Ar:CF4,SiO2,center,2,43.2586,21.6293,25.063522
50W 6Pa 2min Ar:CF4,SiO2,center,2,43.0158,21.5079,25.063522
50W 6Pa 2min Ar:CF4,SiO2,center,2,42.7218,21.3609,25.063522
50W 6Pa 2min Ar:CF4,SiO2,center,2,45.9138,22.9569,25.063522
50W 6Pa 2min Ar:CF4,SiO2,center,2,39.7927,19.89635,25.063522
50W 6Pa 2min Ar:CF4,SiN,center,2,66.7086,33.3543,32.339058
50W 6Pa 2min Ar:CF4,SiN,center,2,72.6358,36.3179,32.339058
50W 6Pa 2min Ar:CF4,SiN,center,2,69.267,34.6335,32.339058
50W 6Pa 2min Ar:CF4,SiN,center,2,63.383,31.6915,32.339058
50W 6Pa 2min Ar:CF4,SiN,center,2,66.8673,33.43365,32.339058
50W 6Pa 2min Ar:CF4,SiO2,center,2,44.3406,22.1703,29.852394
50W 6Pa 2min Ar:CF4,SiO2,center,2,47.3955,23.69775,29.852394
50W 6Pa 2min Ar:CF4,SiO2,center,2,46.5746,23.2873,29.852394
50W 6Pa 2min Ar:CF4,SiO2,center,2,47.9033,23.95165,29.852394
50W 6Pa 2min Ar:CF4,SiO2,center,2,47.9794,23.9897,29.852394
50W 6Pa 2min Ar:CF4,SiN,center,2,78.5899,39.29495,36.764107
50W 6Pa 2min Ar:CF4,SiN,center,2,74.8018,37.4009,36.764107
50W 6Pa 2min Ar:CF4,SiN,center,2,74.4244,37.2122,36.764107
50W 6Pa 2min Ar:CF4,SiN,center,2,78.8653,39.43265,36.764107
50W 6Pa 2min Ar:CF4,SiN,center,2,71.2686,35.6343,36.764107
50W 6Pa 2min Ar:CF4,SiO2,center,2,64.7621,32.38105,32.157677
50W 6Pa 2min Ar:CF4,SiO2,center,2,64.0262,32.0131,32.157677
50W 6Pa 2min Ar:CF4,SiO2,center,2,59.1192,29.5596,32.157677
50W 6Pa 2min Ar:CF4,SiO2,center,2,59.4118,29.7059,32.157677
50W 6Pa 2min Ar:CF4,SiO2,center,2,66.2419,33.12095,32.157677
50W 6Pa 2min Ar:CF4,SiN,center,2,90.4721,45.23605,39.295307
50W 6Pa 2min Ar:CF4,SiN,center,2,88.8724,44.4362,39.295307
50W 6Pa 2min Ar:CF4,SiN,center,2,95.6857,47.84285,39.295307
50W 6Pa 2min Ar:CF4,SiN,center,2,96.9143,48.45715,39.295307
50W 6Pa 2min Ar:CF4,SiN,center,2,93.2473,46.62365,39.295307
50W 6Pa 2min Ar:CF4,SiO2,center,2,54.5248,27.2624,33.04067
50W 6Pa 2min Ar:CF4,SiO2,center,2,59.807,29.9035,33.04067
50W 6Pa 2min Ar:CF4,SiO2,center,2,54.9277,27.46385,33.04067
50W 6Pa 2min Ar:CF4,SiO2,center,2,58.5727,29.28635,33.04067
50W 6Pa 2min Ar:CF4,SiO2,center,2,53.5137,26.75685,33.04067
50W 6Pa 2min Ar:CF4,SiN,center,2,84.6681,42.33405,40.862446
50W 6Pa 2min Ar:CF4,SiN,center,2,81.1135,40.55675,40.862446
50W 6Pa 2min Ar:CF4,SiN,center,2,82.7561,41.37805,40.862446
50W 6Pa 2min Ar:CF4,SiN,center,2,78.5929,39.29645,40.862446
50W 6Pa 2min Ar:CF4,SiN,center,2,88.9138,44.4569,40.862446
50W 6.5Pa 2min Ar:O2:CF4=10:5:35,SiO2,center,2,66.0825,33.04125,32.58098
50W 6.5Pa 2min Ar:O2:CF4=10:5:35,SiO2,center,2,77.4418,38.7209,32.58098
50W 6.5Pa 2min Ar:O2:CF4=10:5:35,SiO2,center,2,79.8076,39.9038,32.58098
50W 6.5Pa 2min Ar:O2:CF4=10:5:35,SiO2,center,2,72.2474,36.1237,32.58098
50W 6.5Pa 2min Ar:O2:CF4=10:5:35,SiO2,center,2,78.9148,39.4574,32.58098
50W 6.5Pa 2min Ar:O2:CF4=10:5:35,SiN,center,2,103.943,51.9715,40.00432
50W 6.5Pa 2min Ar:O2:CF4=10:5:35,SiN,center,2,110.138,55.069,40.00432
50W 6.5Pa 2min Ar:O2:CF4=10:5:35,SiN,center,2,100.259,50.1295,40.00432
50W 6.5Pa 2min Ar:O2:CF4=10:5:35,SiN,center,2,109.348,54.674,40.00432
50W 6.5Pa 2min Ar:O2:CF4=10:5:35,SiN,center,2,98.5659,49.28295,40.00432
50W 6.5Pa 2min Ar:O2:CF4=10:5:35,Si,center,2,68.7342,34.3671,26.60213
50W 6.5Pa 2min Ar:O2:CF4=10:5:35,Si,center,2,67.4814,33.7407,26.60213
50W 6.5Pa 2min Ar:O2:CF4=10:5:35,Si,center,2,68.0594,34.0297,26.60213
50W 6.5Pa 2min Ar:O2:CF4=10:5:35,Si,center,2,67.6127,33.80635,26.60213
50W 6.5Pa 2min Ar:O2:CF4=10:5:35,SiO2,edge,2,82.4499,41.22495,31.55149
50W 6.5Pa 2min Ar:O2:CF4=10:5:35,SiO2,edge,2,73.3987,36.69935,31.55149
50W 6.5Pa 2min Ar:O2:CF4=10:5:35,SiO2,edge,2,74.2123,37.10615,31.55149
50W 6.5Pa 2min Ar:O2:CF4=10:5:35,SiO2,edge,2,74.0533,37.02665,31.55149
50W 6.5Pa 2min Ar:O2:CF4=10:5:35,SiO2,edge,2,77.3254,38.6627,31.55149
50W 6.5Pa 2min Ar:O2:CF4=10:5:35,SiN,edge,2,81.7085,40.85425,31.051968
50W 6.5Pa 2min Ar:O2:CF4=10:5:35,SiN,edge,2,78.9642,39.4821,31.051968
50W 6.5Pa 2min Ar:O2:CF4=10:5:35,SiN,edge,2,73.0256,36.5128,31.051968
50W 6.5Pa 2min Ar:O2:CF4=10:5:35,SiN,edge,2,81.6198,40.8099,31.051968
50W 6.5Pa 2min Ar:O2:CF4=10:5:35,SiN,edge,2,79.6825,39.84125,31.051968
50W 6.5Pa 2min Ar:O2:CF4=10:5:35,SiO2,center,2,69.9099,34.95495,40.267796
50W 6.5Pa 2min Ar:O2:CF4=10:5:35,SiO2,center,2,71.1554,35.5777,40.267796
50W 6.5Pa 2min Ar:O2:CF4=10:5:35,SiO2,center,2,75.3248,37.6624,40.267796
50W 6.5Pa 2min Ar:O2:CF4=10:5:35,SiO2,center,2,75.8319,37.91595,40.267796
50W 6.5Pa 2min Ar:O2:CF4=10:5:35,SiO2,center,2,79.5982,39.7991,40.267796
50W 6.5Pa 2min Ar:O2:CF4=10:5:35,SiN,center,2,92.3802,46.1901,34.322342
50W 6.5Pa 2min Ar:O2:CF4=10:5:35,SiN,center,2,77.8706,38.9353,34.322342
50W 6.5Pa 2min Ar:O2:CF4=10:5:35,SiN,center,2,76.4779,38.23895,34.322342
50W 6.5Pa 2min Ar:O2:CF4=10:5:35,SiN,center,2,79.257,39.6285,34.322342
50W 6.5Pa 2min Ar:O2:CF4=10:5:35,SiN,center,2,81.0409,40.52045,34.322342
Ar:O2:CF4=10:5:35 6.5Pa 50W 2min,Si,center,2,67.0488,33.5244,26.30053
Ar:O2:CF4=10:5:35 6.5Pa 50W 2min,Si,center,2,60.2918,30.1459,26.30053
Ar:O2:CF4=10:5:35 6.5Pa 50W 2min,Si,center,2,66.7852,33.3926,26.30053
Ar:O2:CF4=10:5:35 6.5Pa 50W 2min,Si,center,2,65.7553,32.87765,26.30053
Ar:O2:CF4=10:5:35 6.5Pa 50W 2min,Si,center,2,62.941,31.4705,26.30053
Ar:O2:CF4=10:5:35 6.5Pa 50W 2min,Si,center,2,63.8989,31.94945,26.30053
Ar:O2:CF4=10:5:35 6.5Pa 50W 2min,Si,center,2,57.1922,28.5961,26.30053
Ar:O2:CF4=10:5:35 6.5Pa 50W 2min,Si,center,2,60.6384,30.3192,26.30053
Ar:O2:CF4=10:5:35 6.5Pa 50W 2min,Si,center,2,60.6226,30.3113,26.30053
Ar:O2:CF4=10:5:35 6.5Pa 50W 2min,SiO2,center,2,73.1702,36.5851,32.12748
Ar:O2:CF4=10:5:35 6.5Pa 50W 2min,SiO2,center,2,85.9889,42.99445,32.12748
Ar:O2:CF4=10:5:35 6.5Pa 50W 2min,SiO2,center,2,103.419,51.7095,32.12748
Ar:O2:CF4=10:5:35 6.5Pa 50W 2min,SiO2,center,2,74.7215,37.36075,32.12748
Ar:O2:CF4=10:5:35 6.5Pa 50W 2min,SiO2,center,2,104.904,52.452,32.12748
Ar:O2:CF4=10:5:35 6.5Pa 50W 2min,SiO2,center,2,109.829,54.9145,32.12748
Ar:O2:CF4=10:5:35 6.5Pa 50W 2min,SiO2,center,2,130.801,65.4005,32.12748
Ar:O2:CF4=10:5:35 6.5Pa 50W 2min,SiO2,center,2,85.7646,42.8823,32.12748
Ar:O2:CF4=10:5:35 6.5Pa 50W 2min,SiO2,center,2,119.489,59.7445,32.12748
Ar:O2:CF4=10:5:35 6.5Pa 50W 2min,SiN,center,2,42.4835,21.24175,41.952118
Ar:O2:CF4=10:5:35 6.5Pa 50W 2min,SiN,center,2,51.4408,25.7204,41.952118
Ar:O2:CF4=10:5:35 6.5Pa 50W 2min,SiN,center,2,52.1317,26.06585,41.952118
Ar:O2:CF4=10:5:35 6.5Pa 50W 2min,SiN,center,2,57.1092,28.5546,41.952118
Ar:O2:CF4=10:5:35 6.5Pa 50W 2min,SiN,center,2,44.1416,22.0708,41.952118
Ar:O2:CF4=10:5:35 6.5Pa 50W 2min,SiN,center,2,53.9638,26.9819,41.952118
Ar:O2:CF4=10:5:35 6.5Pa 50W 2min,SiN,center,2,56.2972,28.1486,41.952118
Ar:O2:CF4=10:5:35 6.5Pa 50W 2min,SiN,center,2,56.706,28.353,41.952118
Ar:O2:CF4=10:5:35 6.5Pa 50W 2min,SiN,center,2,55.6093,27.80465,41.952118
Ar:O2:CF4=10:5:35 6.5Pa 50W 2min,Si,edge,2,47.9318,23.9659,24.467054
Ar:O2:CF4=10:5:35 6.5Pa 50W 2min,Si,edge,2,47.4085,23.70425,24.467054
Ar:O2:CF4=10:5:35 6.5Pa 50W 2min,Si,edge,2,43.6285,21.81425,24.467054
Ar:O2:CF4=10:5:35 6.5Pa 50W 2min,Si,edge,2,51.5162,25.7581,24.467054
Ar:O2:CF4=10:5:35 6.5Pa 50W 2min,Si,edge,2,48.2414,24.1207,24.467054
Ar:O2:CF4=10:5:35 6.5Pa 50W 2min,Si,edge,2,49.6097,24.80485,24.467054
Ar:O2:CF4=10:5:35 6.5Pa 50W 2min,Si,edge,2,49.9774,24.9887,24.467054
Ar:O2:CF4=10:5:35 6.5Pa 50W 2min,Si,edge,2,51.1366,25.5683,24.467054
Ar:O2:CF4=10:5:35 6.5Pa 50W 2min,Si,edge,2,44.2355,22.11775,24.467054
Ar:O2:CF4=10:5:35 6.5Pa 50W 2min,Si,edge,2,47.9727,23.98635,24.467054
Ar:O2:CF4=10:5:35 6.5Pa 50W 2min,SiO2,edge,2,51.2508,25.6254,34.97612
Ar:O2:CF4=10:5:35 6.5Pa 50W 2min,SiO2,edge,2,68.0888,34.0444,34.97612
Ar:O2:CF4=10:5:35 6.5Pa 50W 2min,SiO2,edge,2,63.8172,31.9086,34.97612
Ar:O2:CF4=10:5:35 6.5Pa 50W 2min,SiO2,edge,2,59.6037,29.80185,34.97612
Ar:O2:CF4=10:5:35 6.5Pa 50W 2min,SiO2,edge,2,69.7164,34.8582,34.97612
Ar:O2:CF4=10:5:35 6.5Pa 50W 2min,SiO2,edge,2,74.6032,37.3016,34.97612
Ar:O2:CF4=10:5:35 6.5Pa 50W 2min,SiO2,edge,2,65.0649,32.53245,34.97612
Ar:O2:CF4=10:5:35 6.5Pa 50W 2min,SiO2,edge,2,60.0673,30.03365,34.97612
Ar:O2:CF4=10:5:35 6.5Pa 50W 2min,SiO2,edge,2,52.898,26.449,34.97612
Ar:O2:CF4=10:5:35 6.5Pa 50W 2min,SiO2,edge,2,72.5472,36.2736,34.97612
Ar:O2:CF4=10:5:35 6.5Pa 50W 2min,SiN,edge,2,55.5985,27.79925,38.626736
Ar:O2:CF4=10:5:35 6.5Pa 50W 2min,SiN,edge,2,72.4647,36.23235,38.626736
Ar:O2:CF4=10:5:35 6.5Pa 50W 2min,SiN,edge,2,66.5868,33.2934,38.626736
Ar:O2:CF4=10:5:35 6.5Pa 50W 2min,SiN,edge,2,61.7687,30.88435,38.626736
Ar:O2:CF4=10:5:35 6.5Pa 50W 2min,SiN,edge,2,61.7242,30.8621,38.626736
Ar:O2:CF4=10:5:35 6.5Pa 50W 2min,SiN,edge,2,49.3731,24.68655,38.626736
Ar:O2:CF4=10:5:35 6.5Pa 50W 2min,SiN,edge,2,56.7459,28.37295,38.626736
Ar:O2:CF4=10:5:35 6.5Pa 50W 2min,SiN,edge,2,51.6652,25.8326,38.626736
Ar:O2:CF4=10:5:35 6.5Pa 50W 2min,SiN,edge,2,75.5633,37.78165,38.626736
