y_true,y_phys,y_nn,y_total,substrate
15.4374,10.090424,2.7292151,12.819639,Si
14.662434,10.090424,2.7292151,12.819639,Si
12.9131,10.090424,2.7292151,12.819639,Si
13.4866,10.090424,2.7292151,12.819639,Si
13.142167,10.090424,2.7292151,12.819639,Si
28.959566,10.224165,9.987131,20.211296,SiO2
27.6854,10.224165,9.987131,20.211296,SiO2
29.212,10.224165,9.987131,20.211296,SiO2
26.909466,10.224165,9.987131,20.211296,SiO2
26.923767,10.224165,9.987131,20.211296,SiO2
21.140966,10.235174,18.78781,29.022984,SiN
19.5777,10.235174,18.78781,29.022984,SiN
19.650133,10.235174,18.78781,29.022984,SiN
22.1356,10.235174,18.78781,29.022984,SiN
22.816067,10.235174,18.78781,29.022984,SiN
19.9426,10.090424,11.273073,21.363497,Si
18.440634,10.090424,11.273073,21.363497,Si
19.753967,10.090424,11.273073,21.363497,Si
20.448267,10.090424,11.273073,21.363497,Si
16.6971,10.090424,11.273073,21.363497,Si
32.001266,10.224165,14.590659,24.814823,SiO2
31.543,10.224165,14.590659,24.814823,SiO2
31.359934,10.224165,14.590659,24.814823,SiO2
33.404667,10.224165,14.590659,24.814823,SiO2
30.683567,10.224165,14.590659,24.814823,SiO2
30.595833,10.235174,21.585215,31.820389,SiN
29.814167,10.235174,21.585215,31.820389,SiN
31.0926,10.235174,21.585215,31.820389,SiN
28.152334,10.235174,21.585215,31.820389,SiN
30.970133,10.235174,21.585215,31.820389,SiN
22.193567,10.090424,17.962662,28.053085,Si
25.446434,10.090424,17.962662,28.053085,Si
24.1212,10.090424,17.962662,28.053085,Si
23.8861,10.090424,17.962662,28.053085,Si
28.263933,10.090424,17.962662,28.053085,Si
34.678,10.224165,18.215736,28.439901,SiO2
35.244,10.224165,18.215736,28.439901,SiO2
34.753,10.224165,18.215736,28.439901,SiO2
32.543266,10.224165,18.215736,28.439901,SiO2
35.305332,10.224165,18.215736,28.439901,SiO2
31.540367,10.235174,23.44279,33.677963,SiN
31.773033,10.235174,23.44279,33.677963,SiN
31.109,10.235174,23.44279,33.677963,SiN
32.263634,10.235174,23.44279,33.677963,SiN
31.159166,10.235174,23.44279,33.677963,SiN
24.851334,10.090424,22.56479,32.655212,Si
25.420334,10.090424,22.56479,32.655212,Si
24.6522,10.090424,22.56479,32.655212,Si
27.7315,10.090424,22.56479,32.655212,Si
27.2612,10.090424,22.56479,32.655212,Si
34.289665,10.224165,21.158026,31.38219,SiO2
34.72167,10.224165,21.158026,31.38219,SiO2
36.400333,10.224165,21.158026,31.38219,SiO2
36.075333,10.224165,21.158026,31.38219,SiO2
35.130333,10.224165,21.158026,31.38219,SiO2
28.678467,10.090424,25.486797,35.57722,Si
26.830034,10.090424,25.486797,35.57722,Si
30.5983,10.090424,25.486797,35.57722,Si
26.857367,10.090424,25.486797,35.57722,Si
28.234434,10.090424,25.486797,35.57722,Si
34.983665,10.224165,23.608551,33.832718,SiO2
37.274334,10.224165,23.608551,33.832718,SiO2
36.915,10.224165,23.608551,33.832718,SiO2
36.878334,10.224165,23.608551,33.832718,SiO2
44.022,10.235174,24.453993,34.689167,SiN
46.016,10.235174,24.453993,34.689167,SiN
45.314,10.235174,24.453993,34.689167,SiN
45.062,10.235174,24.453993,34.689167,SiN
44.793,10.235174,24.453993,34.689167,SiN
1.3181,4.902859,-2.5502522,2.352607,Si
1.75025,4.902859,-2.5502522,2.352607,Si
1.49454,4.902859,-2.5502522,2.352607,Si
2.55298,4.902859,-2.5502522,2.352607,Si
1.65122,4.902859,-2.5502522,2.352607,Si
3.18212,5.199606,-2.7856617,2.4139442,SiO2
2.20406,5.199606,-2.7856617,2.4139442,SiO2
2.21303,5.199606,-2.7856617,2.4139442,SiO2
2.20766,5.199606,-2.7856617,2.4139442,SiO2
2.54851,5.199606,-2.7856617,2.4139442,SiO2
1.22553,5.041778,-3.0834591,1.958319,SiN
1.78682,5.041778,-3.0834591,1.958319,SiN
1.20768,5.041778,-3.0834591,1.958319,SiN
0.947498,5.041778,-3.0834591,1.958319,SiN
0.811975,5.041778,-3.0834591,1.958319,SiN
1.49673,4.902859,-2.4215,2.4813592,Si
1.95592,4.902859,-2.4215,2.4813592,Si
1.41942,4.902859,-2.4215,2.4813592,Si
1.15163,4.902859,-2.4215,2.4813592,Si
1.75192,4.902859,-2.4215,2.4813592,Si
1.60836,5.199606,-2.7439213,2.4556847,SiO2
1.8976,5.199606,-2.7439213,2.4556847,SiO2
1.86546,5.199606,-2.7439213,2.4556847,SiO2
1.83707,5.199606,-2.7439213,2.4556847,SiO2
2.16601,5.199606,-2.7439213,2.4556847,SiO2
1.01916,5.041778,-3.0177732,2.024005,SiN
1.2107,5.041778,-3.0177732,2.024005,SiN
0.850821,5.041778,-3.0177732,2.024005,SiN
1.43167,5.041778,-3.0177732,2.024005,SiN
0.876059,5.041778,-3.0177732,2.024005,SiN
1.43574,4.902859,-2.316564,2.5862951,Si
1.27007,4.902859,-2.316564,2.5862951,Si
1.47864,4.902859,-2.316564,2.5862951,Si
1.50898,4.902859,-2.316564,2.5862951,Si
0.926266,4.902859,-2.316564,2.5862951,Si
0.835963,5.199606,-2.7401905,2.4594154,SiO2
0.555763,5.199606,-2.7401905,2.4594154,SiO2
0.458864,5.199606,-2.7401905,2.4594154,SiO2
0.667299,5.199606,-2.7401905,2.4594154,SiO2
0.650636,5.199606,-2.7401905,2.4594154,SiO2
1.44518,5.041778,-3.0037007,2.0380774,SiN
2.02874,5.041778,-3.0037007,2.0380774,SiN
1.72608,5.041778,-3.0037007,2.0380774,SiN
1.56579,5.041778,-3.0037007,2.0380774,SiN
2.16913,5.041778,-3.0037007,2.0380774,SiN
2.54495,4.902859,-2.241627,2.6612322,Si
2.5816,4.902859,-2.241627,2.6612322,Si
1.97548,4.902859,-2.241627,2.6612322,Si
2.16231,4.902859,-2.241627,2.6612322,Si
2.33457,4.902859,-2.241627,2.6612322,Si
2.97207,5.199606,-2.7764604,2.4231455,SiO2
2.69596,5.199606,-2.7764604,2.4231455,SiO2
2.16644,5.199606,-2.7764604,2.4231455,SiO2
2.69239,5.199606,-2.7764604,2.4231455,SiO2
2.80017,5.199606,-2.7764604,2.4231455,SiO2
2.86039,5.041778,-3.056791,1.984987,SiN
1.68933,5.041778,-3.056791,1.984987,SiN
2.56199,5.041778,-3.056791,1.984987,SiN
1.84336,5.041778,-3.056791,1.984987,SiN
1.66151,5.041778,-3.056791,1.984987,SiN
2.4965,4.902859,-2.2032707,2.6995885,Si
2.74044,4.902859,-2.2032707,2.6995885,Si
2.44136,4.902859,-2.2032707,2.6995885,Si
2.64077,4.902859,-2.2032707,2.6995885,Si
2.68865,4.902859,-2.2032707,2.6995885,Si
2.31233,5.199606,-2.853548,2.346058,SiO2
2.17327,5.199606,-2.853548,2.346058,SiO2
2.53055,5.199606,-2.853548,2.346058,SiO2
2.75055,5.199606,-2.853548,2.346058,SiO2
2.7842,5.199606,-2.853548,2.346058,SiO2
1.93612,5.041778,-3.1882186,1.8535595,SiN
1.54538,5.041778,-3.1882186,1.8535595,SiN
3.00649,5.041778,-3.1882186,1.8535595,SiN
2.49642,5.041778,-3.1882186,1.8535595,SiN
2.12979,4.902859,-2.2077606,2.6950986,Si
2.83304,4.902859,-2.2077606,2.6950986,Si
2.61312,4.902859,-2.2077606,2.6950986,Si
2.94295,4.902859,-2.2077606,2.6950986,Si
2.57342,4.902859,-2.2077606,2.6950986,Si
2.28251,5.199606,-2.9712448,2.2283611,SiO2
2.89275,5.199606,-2.9712448,2.2283611,SiO2
2.20998,5.199606,-2.9712448,2.2283611,SiO2
2.00208,5.199606,-2.9712448,2.2283611,SiO2
2.28212,5.199606,-2.9712448,2.2283611,SiO2
2.6068,5.041778,-3.39775,1.6440282,SiN
2.02947,5.041778,-3.39775,1.6440282,SiN
1.79109,5.041778,-3.39775,1.6440282,SiN
1.3821,5.041778,-3.39775,1.6440282,SiN
2.6059,4.902859,-2.2601712,2.642688,Si
3.60703,4.902859,-2.2601712,2.642688,Si
3.60726,4.902859,-2.2601712,2.642688,Si
3.28453,4.902859,-2.2601712,2.642688,Si
3.23913,4.902859,-2.2601712,2.642688,Si
2.98015,5.199606,-3.1286113,2.0709946,SiO2
3.34213,5.199606,-3.1286113,2.0709946,SiO2
3.04388,5.199606,-3.1286113,2.0709946,SiO2
3.02333,5.199606,-3.1286113,2.0709946,SiO2
2.30453,5.199606,-3.1286113,2.0709946,SiO2
1.32712,5.041778,-3.6738923,1.3678858,SiN
1.27118,5.041778,-3.6738923,1.3678858,SiN
2.0961,5.041778,-3.6738923,1.3678858,SiN
2.62531,5.041778,-3.6738923,1.3678858,SiN
1.37803,5.041778,-3.6738923,1.3678858,SiN
1.82593,4.902859,-2.3635871,2.539272,Si
1.71784,4.902859,-2.3635871,2.539272,Si
1.94944,4.902859,-2.3635871,2.539272,Si
2.07982,4.902859,-2.3635871,2.539272,Si
2.0886,4.902859,-2.3635871,2.539272,Si
1.23255,5.199606,-3.3242235,1.8753824,SiO2
2.11346,5.199606,-3.3242235,1.8753824,SiO2
1.3199,5.199606,-3.3242235,1.8753824,SiO2
2.056,5.199606,-3.3242235,1.8753824,SiO2
2.90174,5.199606,-3.3242235,1.8753824,SiO2
1.64397,5.041778,-4.002274,1.039504,SiN
1.51917,5.041778,-4.002274,1.039504,SiN
2.07169,5.041778,-4.002274,1.039504,SiN
1.69443,5.041778,-4.002274,1.039504,SiN
1.55123,5.041778,-4.002274,1.039504,SiN
0.971259,4.902859,-2.5186682,2.384191,Si
0.897624,4.902859,-2.5186682,2.384191,Si
1.01036,4.902859,-2.5186682,2.384191,Si
1.01264,4.902859,-2.5186682,2.384191,Si
1.10967,4.902859,-2.5186682,2.384191,Si
1.63203,5.199606,-3.5561595,1.6434464,SiO2
1.43033,5.199606,-3.5561595,1.6434464,SiO2
1.77141,5.199606,-3.5561595,1.6434464,SiO2
2.05675,5.199606,-3.5561595,1.6434464,SiO2
2.04404,5.199606,-3.5561595,1.6434464,SiO2
1.7934,5.041778,-4.372721,0.6690569,SiN
2.3674,5.041778,-4.372721,0.6690569,SiN
1.14943,5.041778,-4.372721,0.6690569,SiN
2.42618,5.041778,-4.372721,0.6690569,SiN
1.18192,5.041778,-4.372721,0.6690569,SiN
0.701415,4.902859,-3.190657,1.7122023,Si
0.681571,4.902859,-3.190657,1.7122023,Si
0.498802,4.902859,-3.190657,1.7122023,Si
0.417446,4.902859,-3.190657,1.7122023,Si
0.726063,4.902859,-3.190657,1.7122023,Si
3.6052,5.199606,-3.5298858,1.6697202,SiO2
3.47686,5.199606,-3.5298858,1.6697202,SiO2
2.2085,5.199606,-3.5298858,1.6697202,SiO2
3.70512,5.199606,-3.5298858,1.6697202,SiO2
2.30558,5.199606,-3.5298858,1.6697202,SiO2
0.692141,5.041778,-3.8592813,1.1824968,SiN
0.89587,5.041778,-3.8592813,1.1824968,SiN
1.62524,5.041778,-3.8592813,1.1824968,SiN
1.62934,5.041778,-3.8592813,1.1824968,SiN
1.67304,5.041778,-3.8592813,1.1824968,SiN
0.488558,4.902859,-3.027243,1.8756163,Si
0.599065,4.902859,-3.027243,1.8756163,Si
0.575493,4.902859,-3.027243,1.8756163,Si
1.05516,4.902859,-3.027243,1.8756163,Si
0.812263,4.902859,-3.027243,1.8756163,Si
2.85823,5.199606,-3.4028695,1.7967365,SiO2
3.19509,5.199606,-3.4028695,1.7967365,SiO2
2.82649,5.199606,-3.4028695,1.7967365,SiO2
0.579928,5.041778,-3.902934,1.138844,SiN
0.636954,5.041778,-3.902934,1.138844,SiN
0.975133,5.041778,-3.902934,1.138844,SiN
0.781524,5.041778,-3.902934,1.138844,SiN
0.957868,5.041778,-3.902934,1.138844,SiN
0.413897,4.902859,-2.876926,2.0259333,Si
0.678666,4.902859,-2.876926,2.0259333,Si
0.503778,4.902859,-2.876926,2.0259333,Si
0.47909,4.902859,-2.876926,2.0259333,Si
0.482005,4.902859,-2.876926,2.0259333,Si
1.85163,5.199606,-3.3015227,1.8980832,SiO2
1.4116,5.199606,-3.3015227,1.8980832,SiO2
1.44204,5.199606,-3.3015227,1.8980832,SiO2
1.11407,5.199606,-3.3015227,1.8980832,SiO2
1.56206,5.199606,-3.3015227,1.8980832,SiO2
0.52245,5.041778,-3.9981985,1.0435796,SiN
0.331084,5.041778,-3.9981985,1.0435796,SiN
0.753812,5.041778,-3.9981985,1.0435796,SiN
0.445622,5.041778,-3.9981985,1.0435796,SiN
1.1237,5.041778,-3.9981985,1.0435796,SiN
0.334821,4.902859,-2.7424867,2.1603725,Si
0.620914,4.902859,-2.7424867,2.1603725,Si
0.694824,4.902859,-2.7424867,2.1603725,Si
0.567305,4.902859,-2.7424867,2.1603725,Si
0.73491,4.902859,-2.7424867,2.1603725,Si
0.554105,5.199606,-3.2303615,1.9692445,SiO2
0.662033,5.199606,-3.2303615,1.9692445,SiO2
0.962156,5.199606,-3.2303615,1.9692445,SiO2
0.457925,5.199606,-3.2303615,1.9692445,SiO2
1.39345,5.199606,-3.2303615,1.9692445,SiO2
1.00628,4.902859,-2.6272216,2.2756376,Si
1.02432,4.902859,-2.6272216,2.2756376,Si
0.9713,4.902859,-2.6272216,2.2756376,Si
0.92342,4.902859,-2.6272216,2.2756376,Si
1.032423,4.902859,-2.6272216,2.2756376,Si
0.668955,5.199606,-3.1936784,2.0059276,SiO2
0.926776,5.199606,-3.1936784,2.0059276,SiO2
0.899888,5.199606,-3.1936784,2.0059276,SiO2
0.675667,5.199606,-3.1936784,2.0059276,SiO2
0.616157,5.199606,-3.1936784,2.0059276,SiO2
1.60916,5.041778,-4.3177056,0.72407246,SiN
1.04959,5.041778,-4.3177056,0.72407246,SiN
1.71984,5.041778,-4.3177056,0.72407246,SiN
1.31277,5.041778,-4.3177056,0.72407246,SiN
1.74374,5.041778,-4.3177056,0.72407246,SiN
1.00996,4.902859,-2.535032,2.3678272,Si
0.872843,4.902859,-2.535032,2.3678272,Si
0.666071,4.902859,-2.535032,2.3678272,Si
0.829537,4.902859,-2.535032,2.3678272,Si
1.12034,4.902859,-2.535032,2.3678272,Si
1.44297,5.199606,-3.1952689,2.004337,SiO2
1.19262,5.199606,-3.1952689,2.004337,SiO2
1.47335,5.199606,-3.1952689,2.004337,SiO2
1.48618,5.199606,-3.1952689,2.004337,SiO2
1.98434,5.199606,-3.1952689,2.004337,SiO2
1.21767,5.041778,-4.5352993,0.5064788,SiN
0.732601,5.041778,-4.5352993,0.5064788,SiN
0.858103,5.041778,-4.5352993,0.5064788,SiN
1.55112,5.041778,-4.5352993,0.5064788,SiN
1.44048,5.041778,-4.5352993,0.5064788,SiN
2.07745,4.902859,-2.47046,2.4323993,Si
1.43476,4.902859,-2.47046,2.4323993,Si
1.63428,4.902859,-2.47046,2.4323993,Si
2.11628,4.902859,-2.47046,2.4323993,Si
3.22414,4.902859,-2.47046,2.4323993,Si
1.41086,5.199606,-3.2381756,1.9614303,SiO2
1.26178,5.199606,-3.2381756,1.9614303,SiO2
1.16874,5.199606,-3.2381756,1.9614303,SiO2
1.3559,5.199606,-3.2381756,1.9614303,SiO2
1.55394,5.199606,-3.2381756,1.9614303,SiO2
1.61175,5.041778,-4.7921476,0.24963045,SiN
2.12874,5.041778,-4.7921476,0.24963045,SiN
1.30196,5.041778,-4.7921476,0.24963045,SiN
0.978476,5.041778,-4.7921476,0.24963045,SiN
1.18126,5.041778,-4.7921476,0.24963045,SiN
1.7011,4.902859,-2.4385912,2.464268,Si
1.19755,4.902859,-2.4385912,2.464268,Si
1.48747,4.902859,-2.4385912,2.464268,Si
1.01697,4.902859,-2.4385912,2.464268,Si
1.06545,4.902859,-2.4385912,2.464268,Si
2.14673,5.199606,-3.3244636,1.8751423,SiO2
1.80132,5.199606,-3.3244636,1.8751423,SiO2
2.28491,5.199606,-3.3244636,1.8751423,SiO2
1.66134,5.199606,-3.3244636,1.8751423,SiO2
1.46904,5.199606,-3.3244636,1.8751423,SiO2
2.23368,5.041778,-5.088129,-0.046350956,SiN
3.02844,5.041778,-5.088129,-0.046350956,SiN
2.08053,5.041778,-5.088129,-0.046350956,SiN
2.04867,5.041778,-5.088129,-0.046350956,SiN
1.29049,4.902859,-2.444789,2.4580703,Si
1.23387,4.902859,-2.444789,2.4580703,Si
0.976412,4.902859,-2.444789,2.4580703,Si
1.34762,4.902859,-2.444789,2.4580703,Si
1.01553,4.902859,-2.444789,2.4580703,Si
2.17318,5.199606,-3.4549932,1.7446127,SiO2
2.65787,5.199606,-3.4549932,1.7446127,SiO2
2.12377,5.199606,-3.4549932,1.7446127,SiO2
2.09849,5.199606,-3.4549932,1.7446127,SiO2
2.16065,5.199606,-3.4549932,1.7446127,SiO2
1.36258,5.041778,-5.4207973,-0.37901926,SiN
1.07776,5.041778,-5.4207973,-0.37901926,SiN
1.814553,5.041778,-5.4207973,-0.37901926,SiN
1.49769,5.041778,-5.4207973,-0.37901926,SiN
1.89304,5.041778,-5.4207973,-0.37901926,SiN
18.34176,7.654729,9.233562,16.88829,Si
17.78366,7.654729,9.233562,16.88829,Si
15.6596,7.654729,9.233562,16.88829,Si
16.85458,7.654729,9.233562,16.88829,Si
17.3758,7.654729,9.233562,16.88829,Si
17.6888,7.654729,9.233562,16.88829,Si
17.25808,7.654729,9.233562,16.88829,Si
19.7672,7.654729,9.233562,16.88829,Si
17.16904,7.654729,9.233562,16.88829,Si
18.58788,7.654729,9.233562,16.88829,Si
15.7222,7.910035,12.673126,20.58316,SiO2
18.6586,7.910035,12.673126,20.58316,SiO2
17.1578,7.910035,12.673126,20.58316,SiO2
18.8664,7.910035,12.673126,20.58316,SiO2
17.0216,7.910035,12.673126,20.58316,SiO2
18.15984,7.910035,12.673126,20.58316,SiO2
17.95822,7.910035,12.673126,20.58316,SiO2
17.62058,7.910035,12.673126,20.58316,SiO2
17.57716,7.910035,12.673126,20.58316,SiO2
18.4475,7.910035,12.673126,20.58316,SiO2
30.1862,7.8148746,26.383965,34.198837,SiN
32.8858,7.8148746,26.383965,34.198837,SiN
30.4922,7.8148746,26.383965,34.198837,SiN
30.9662,7.8148746,26.383965,34.198837,SiN
30.4232,7.8148746,26.383965,34.198837,SiN
31.5444,7.8148746,26.383965,34.198837,SiN
32.7494,7.8148746,26.383965,34.198837,SiN
32.2234,7.8148746,26.383965,34.198837,SiN
30.6652,7.8148746,26.383965,34.198837,SiN
30.1308,7.8148746,26.383965,34.198837,SiN
18.25088,7.6260076,11.4985895,19.124598,Si
19.43868,7.6260076,11.4985895,19.124598,Si
17.54458,7.6260076,11.4985895,19.124598,Si
18.64274,7.6260076,11.4985895,19.124598,Si
20.8716,7.6260076,11.4985895,19.124598,Si
20.1686,7.6260076,11.4985895,19.124598,Si
18.49482,7.6260076,11.4985895,19.124598,Si
18.9064,7.6260076,11.4985895,19.124598,Si
19.29948,7.6260076,11.4985895,19.124598,Si
17.87222,7.6260076,11.4985895,19.124598,Si
20.955,7.889725,12.842052,20.731777,SiO2
22.4436,7.889725,12.842052,20.731777,SiO2
22.352,7.889725,12.842052,20.731777,SiO2
20.654,7.889725,12.842052,20.731777,SiO2
20.0772,7.889725,12.842052,20.731777,SiO2
20.4738,7.889725,12.842052,20.731777,SiO2
19.17442,7.889725,12.842052,20.731777,SiO2
20.2416,7.889725,12.842052,20.731777,SiO2
20.003,7.889725,12.842052,20.731777,SiO2
20.2494,7.889725,12.842052,20.731777,SiO2
31.7486,7.7944307,24.50325,32.29768,SiN
32.6302,7.7944307,24.50325,32.29768,SiN
31.8228,7.7944307,24.50325,32.29768,SiN
33.0748,7.7944307,24.50325,32.29768,SiN
34.2366,7.7944307,24.50325,32.29768,SiN
32.5526,7.7944307,24.50325,32.29768,SiN
32.0254,7.7944307,24.50325,32.29768,SiN
33.5928,7.7944307,24.50325,32.29768,SiN
32.3384,7.7944307,24.50325,32.29768,SiN
33.4752,7.7944307,24.50325,32.29768,SiN
22.6546,7.6089764,12.874043,20.48302,Si
20.6756,7.6089764,12.874043,20.48302,Si
21.1664,7.6089764,12.874043,20.48302,Si
20.6304,7.6089764,12.874043,20.48302,Si
19.22618,7.6089764,12.874043,20.48302,Si
19.30666,7.6089764,12.874043,20.48302,Si
20.5748,7.6089764,12.874043,20.48302,Si
19.6004,7.6089764,12.874043,20.48302,Si
20.6218,7.6089764,12.874043,20.48302,Si
20.2546,7.6089764,12.874043,20.48302,Si
18.39378,7.8762474,12.323468,20.199715,SiO2
19.94814,7.8762474,12.323468,20.199715,SiO2
16.0945,7.8762474,12.323468,20.199715,SiO2
19.6615,7.8762474,12.323468,20.199715,SiO2
19.54066,7.8762474,12.323468,20.199715,SiO2
18.86312,7.8762474,12.323468,20.199715,SiO2
18.98118,7.8762474,12.323468,20.199715,SiO2
19.328,7.8762474,12.323468,20.199715,SiO2
17.6335,7.8762474,12.323468,20.199715,SiO2
19.16244,7.8762474,12.323468,20.199715,SiO2
32.407,7.7800736,21.963284,29.743357,SiN
31.841,7.7800736,21.963284,29.743357,SiN
38.2362,7.7800736,21.963284,29.743357,SiN
35.2944,7.7800736,21.963284,29.743357,SiN
37.1814,7.7800736,21.963284,29.743357,SiN
34.053,7.7800736,21.963284,29.743357,SiN
34.3536,7.7800736,21.963284,29.743357,SiN
34.5,7.7800736,21.963284,29.743357,SiN
32.6362,7.7800736,21.963284,29.743357,SiN
33.2536,7.7800736,21.963284,29.743357,SiN
18.18448,7.5888577,7.114006,14.702864,Si
18.039,7.5888577,7.114006,14.702864,Si
19.30296,7.5888577,7.114006,14.702864,Si
21.4636,7.5888577,7.114006,14.702864,Si
19.2743,7.5888577,7.114006,14.702864,Si
19.71456,7.5888577,7.114006,14.702864,Si
18.83308,7.5888577,7.114006,14.702864,Si
18.47984,7.5888577,7.114006,14.702864,Si
19.28192,7.5888577,7.114006,14.702864,Si
21.1188,7.5888577,7.114006,14.702864,Si
10.13472,7.860321,2.103029,9.96335,SiO2
8.4439,7.860321,2.103029,9.96335,SiO2
9.34768,7.860321,2.103029,9.96335,SiO2
9.78142,7.860321,2.103029,9.96335,SiO2
10.81506,7.860321,2.103029,9.96335,SiO2
8.13706,7.860321,2.103029,9.96335,SiO2
8.11856,7.860321,2.103029,9.96335,SiO2
10.0703,7.860321,2.103029,9.96335,SiO2
8.03364,7.860321,2.103029,9.96335,SiO2
9.03172,7.860321,2.103029,9.96335,SiO2
5.89356,7.7598515,-0.036283277,7.723568,SiN
7.43198,7.7598515,-0.036283277,7.723568,SiN
5.24964,7.7598515,-0.036283277,7.723568,SiN
5.7596,7.7598515,-0.036283277,7.723568,SiN
5.35868,7.7598515,-0.036283277,7.723568,SiN
4.55768,7.7598515,-0.036283277,7.723568,SiN
5.33228,7.7598515,-0.036283277,7.723568,SiN
4.0075,7.7598515,-0.036283277,7.723568,SiN
5.6946,7.7598515,-0.036283277,7.723568,SiN
4.59354,7.7598515,-0.036283277,7.723568,SiN
24.2104,7.6031713,-0.72073716,6.8824344,Si
23.8354,7.6031713,-0.72073716,6.8824344,Si
21.6772,7.6031713,-0.72073716,6.8824344,Si
21.5028,7.6031713,-0.72073716,6.8824344,Si
22.8526,7.6031713,-0.72073716,6.8824344,Si
21.6952,7.6031713,-0.72073716,6.8824344,Si
23.157,7.6031713,-0.72073716,6.8824344,Si
23.7292,7.6031713,-0.72073716,6.8824344,Si
21.4676,7.6031713,-0.72073716,6.8824344,Si
21.6144,7.6031713,-0.72073716,6.8824344,Si
9.5431,7.876487,-2.9907172,4.88577,SiO2
9.10694,7.876487,-2.9907172,4.88577,SiO2
7.71954,7.876487,-2.9907172,4.88577,SiO2
5.6865,7.876487,-2.9907172,4.88577,SiO2
4.8845,7.876487,-2.9907172,4.88577,SiO2
6.02008,7.876487,-2.9907172,4.88577,SiO2
6.85056,7.876487,-2.9907172,4.88577,SiO2
7.10684,7.876487,-2.9907172,4.88577,SiO2
7.93338,7.876487,-2.9907172,4.88577,SiO2
9.19964,7.876487,-2.9907172,4.88577,SiO2
1.365884,7.772197,-4.03297,3.7392268,SiN
1.278736,7.772197,-4.03297,3.7392268,SiN
2.03382,7.772197,-4.03297,3.7392268,SiN
0.953002,7.772197,-4.03297,3.7392268,SiN
4.5669,7.772197,-4.03297,3.7392268,SiN
3.79712,7.772197,-4.03297,3.7392268,SiN
3.8547,7.772197,-4.03297,3.7392268,SiN
2.9474,7.772197,-4.03297,3.7392268,SiN
2.05544,7.772197,-4.03297,3.7392268,SiN
3.99218,7.772197,-4.03297,3.7392268,SiN
8.21456,7.699494,0.50412685,8.203621,Si
6.36982,7.699494,0.50412685,8.203621,Si
6.09408,7.699494,0.50412685,8.203621,Si
7.4214,7.699494,0.50412685,8.203621,Si
6.19706,7.699494,0.50412685,8.203621,Si
3.58688,7.9263926,-1.8400656,6.086327,SiO2
5.46262,7.9263926,-1.8400656,6.086327,SiO2
3.06468,7.9263926,-1.8400656,6.086327,SiO2
5.8881,7.9263926,-1.8400656,6.086327,SiO2
5.71382,7.9263926,-1.8400656,6.086327,SiO2
4.82424,7.9263926,-1.8400656,6.086327,SiO2
6.7333,7.9263926,-1.8400656,6.086327,SiO2
5.11686,7.9263926,-1.8400656,6.086327,SiO2
5.19086,7.9263926,-1.8400656,6.086327,SiO2
4.02808,7.9263926,-1.8400656,6.086327,SiO2
0.630918,7.8115253,-2.2697399,5.5417852,SiN
0.375784,7.8115253,-2.2697399,5.5417852,SiN
0.330232,7.8115253,-2.2697399,5.5417852,SiN
0.22022,7.8115253,-2.2697399,5.5417852,SiN
0.488842,7.8115253,-2.2697399,5.5417852,SiN
12.20772,7.66669,5.5903945,13.257084,Si
15.9068,7.66669,5.5903945,13.257084,Si
13.8504,7.66669,5.5903945,13.257084,Si
14.36336,7.66669,5.5903945,13.257084,Si
14.54602,7.66669,5.5903945,13.257084,Si
12.58248,7.877037,-1.1185373,6.7584996,SiO2
11.04892,7.877037,-1.1185373,6.7584996,SiO2
7.66062,7.877037,-1.1185373,6.7584996,SiO2
10.2345,7.877037,-1.1185373,6.7584996,SiO2
9.6047,7.877037,-1.1185373,6.7584996,SiO2
7.02804,7.877037,-1.1185373,6.7584996,SiO2
6.78374,7.877037,-1.1185373,6.7584996,SiO2
7.15546,7.877037,-1.1185373,6.7584996,SiO2
8.6519,7.877037,-1.1185373,6.7584996,SiO2
7.59466,7.877037,-1.1185373,6.7584996,SiO2
4.04064,7.7612696,-0.29897568,7.462294,SiN
2.40426,7.7612696,-0.29897568,7.462294,SiN
4.8765,7.7612696,-0.29897568,7.462294,SiN
2.83126,7.7612696,-0.29897568,7.462294,SiN
3.3382,7.7612696,-0.29897568,7.462294,SiN
26.229,7.6428733,16.155684,23.798557,Si
23.8522,7.6428733,16.155684,23.798557,Si
24.6066,7.6428733,16.155684,23.798557,Si
24.3796,7.6428733,16.155684,23.798557,Si
24.6118,7.6428733,16.155684,23.798557,Si
15.88576,7.8402686,3.1115944,10.951863,SiO2
17.4937,7.8402686,3.1115944,10.951863,SiO2
16.15744,7.8402686,3.1115944,10.951863,SiO2
17.76926,7.8402686,3.1115944,10.951863,SiO2
17.74274,7.8402686,3.1115944,10.951863,SiO2
14.63294,7.8402686,3.1115944,10.951863,SiO2
12.91862,7.8402686,3.1115944,10.951863,SiO2
13.4675,7.8402686,3.1115944,10.951863,SiO2
14.28236,7.8402686,3.1115944,10.951863,SiO2
15.18988,7.8402686,3.1115944,10.951863,SiO2
11.7033,7.719891,9.64396,17.363852,SiN
7.19774,7.719891,9.64396,17.363852,SiN
7.30576,7.719891,9.64396,17.363852,SiN
6.9311,7.719891,9.64396,17.363852,SiN
6.98736,7.719891,9.64396,17.363852,SiN
34.2312,7.625987,22.76156,30.387547,Si
33.8694,7.625987,22.76156,30.387547,Si
31.6876,7.625987,22.76156,30.387547,Si
30.6562,7.625987,22.76156,30.387547,Si
29.3746,7.625987,22.76156,30.387547,Si
28.4616,7.811832,10.015067,17.826899,SiO2
29.7862,7.811832,10.015067,17.826899,SiO2
28.5392,7.811832,10.015067,17.826899,SiO2
26.8852,7.811832,10.015067,17.826899,SiO2
26.8196,7.811832,10.015067,17.826899,SiO2
24.709,7.811832,10.015067,17.826899,SiO2
23.4122,7.811832,10.015067,17.826899,SiO2
25.0266,7.811832,10.015067,17.826899,SiO2
21.837,7.811832,10.015067,17.826899,SiO2
22.3422,7.811832,10.015067,17.826899,SiO2
12.74338,7.685251,23.145561,30.830812,SiN
13.85362,7.685251,23.145561,30.830812,SiN
11.70418,7.685251,23.145561,30.830812,SiN
14.77422,7.685251,23.145561,30.830812,SiN
12.36902,7.685251,23.145561,30.830812,SiN
42.6568,7.6161394,27.148619,34.76476,Si
38.7918,7.6161394,27.148619,34.76476,Si
39.1844,7.6161394,27.148619,34.76476,Si
37.6314,7.6161394,27.148619,34.76476,Si
37.8394,7.6161394,27.148619,34.76476,Si
38.5232,7.789191,15.011343,22.800533,SiO2
35.9692,7.789191,15.011343,22.800533,SiO2
40.5932,7.789191,15.011343,22.800533,SiO2
43.5476,7.789191,15.011343,22.800533,SiO2
39.715,7.789191,15.011343,22.800533,SiO2
32.6868,7.789191,15.011343,22.800533,SiO2
32.5218,7.789191,15.011343,22.800533,SiO2
30.0376,7.789191,15.011343,22.800533,SiO2
31.1354,7.789191,15.011343,22.800533,SiO2
29.0422,7.789191,15.011343,22.800533,SiO2
17.73802,7.587976,17.268942,24.856918,Si
18.43678,7.587976,17.268942,24.856918,Si
17.8232,7.587976,17.268942,24.856918,Si
19.2218,7.587976,17.268942,24.856918,Si
19.56214,7.587976,17.268942,24.856918,Si
24.0026,7.7587028,11.3685255,19.127228,SiO2
20.7318,7.7587028,11.3685255,19.127228,SiO2
20.0544,7.7587028,11.3685255,19.127228,SiO2
18.85614,7.7587028,11.3685255,19.127228,SiO2
19.58424,7.7587028,11.3685255,19.127228,SiO2
31.288,7.696369,20.30119,27.997559,SiN
36.3638,7.696369,20.30119,27.997559,SiN
31.4274,7.696369,20.30119,27.997559,SiN
34.8918,7.696369,20.30119,27.997559,SiN
31.7296,7.696369,20.30119,27.997559,SiN
16.53868,7.625724,15.148597,22.77432,Si
17.73464,7.625724,15.148597,22.77432,Si
17.14824,7.625724,15.148597,22.77432,Si
17.47604,7.625724,15.148597,22.77432,Si
16.78842,7.625724,15.148597,22.77432,Si
19.37096,7.8206267,12.449086,20.269712,SiO2
18.74808,7.8206267,12.449086,20.269712,SiO2
20.5426,7.8206267,12.449086,20.269712,SiO2
18.64482,7.8206267,12.449086,20.269712,SiO2
18.37536,7.8206267,12.449086,20.269712,SiO2
33.2806,7.744315,22.436209,30.180523,SiN
36.1206,7.744315,22.436209,30.180523,SiN
32.7066,7.744315,22.436209,30.180523,SiN
35.5364,7.744315,22.436209,30.180523,SiN
33.1896,7.744315,22.436209,30.180523,SiN
22.4338,7.6589394,11.655454,19.314392,Si
21.5768,7.6589394,11.655454,19.314392,Si
20.9564,7.6589394,11.655454,19.314392,Si
20.0002,7.6589394,11.655454,19.314392,Si
18.0265,7.6589394,11.655454,19.314392,Si
22.568,7.878943,12.415976,20.294918,SiO2
23.2146,7.878943,12.415976,20.294918,SiO2
22.3134,7.878943,12.415976,20.294918,SiO2
23.3308,7.878943,12.415976,20.294918,SiO2
23.3734,7.878943,12.415976,20.294918,SiO2
34.0322,7.789174,22.85432,30.643494,SiN
35.2726,7.789174,22.85432,30.643494,SiN
35.0236,7.789174,22.85432,30.643494,SiN
39.667,7.789174,22.85432,30.643494,SiN
38.8788,7.789174,22.85432,30.643494,SiN
17.97366,7.687706,6.107914,13.79562,Si
17.57862,7.687706,6.107914,13.79562,Si
19.44608,7.687706,6.107914,13.79562,Si
18.95934,7.687706,6.107914,13.79562,Si
19.1414,7.687706,6.107914,13.79562,Si
19.40132,7.9331293,11.135591,19.06872,SiO2
18.26042,7.9331293,11.135591,19.06872,SiO2
17.88844,7.9331293,11.135591,19.06872,SiO2
20.1392,7.9331293,11.135591,19.06872,SiO2
19.77268,7.9331293,11.135591,19.06872,SiO2
31.3326,7.830635,21.607471,29.438107,SiN
31.9792,7.830635,21.607471,29.438107,SiN
31.3248,7.830635,21.607471,29.438107,SiN
31.794,7.830635,21.607471,29.438107,SiN
33.718,7.830635,21.607471,29.438107,SiN
15.7184,7.9828835,7.6617317,15.644615,SiO2
15.82,7.9828835,7.6617317,15.644615,SiO2
14.982,7.9828835,7.6617317,15.644615,SiO2
17.50976,7.9828835,7.6617317,15.644615,SiO2
16.76778,7.9828835,7.6617317,15.644615,SiO2
25.8048,7.8685417,17.929182,25.797724,SiN
27.1182,7.8685417,17.929182,25.797724,SiN
16.6485,7.8077893,12.690477,20.498266,SiO2
17.12974,7.8077893,12.690477,20.498266,SiO2
19.73136,7.8077893,12.690477,20.498266,SiO2
17.41968,7.8077893,12.690477,20.498266,SiO2
19.91218,7.8077893,12.690477,20.498266,SiO2
32.1708,7.7207017,21.59231,29.313011,SiN
35.0944,7.7207017,21.59231,29.313011,SiN
32.7128,7.7207017,21.59231,29.313011,SiN
32.313,7.7207017,21.59231,29.313011,SiN
30.5248,7.7207017,21.59231,29.313011,SiN
21.4168,7.8659067,15.843312,23.709219,SiO2
20.4046,7.8659067,15.843312,23.709219,SiO2
21.6992,7.8659067,15.843312,23.709219,SiO2
21.2156,7.8659067,15.843312,23.709219,SiO2
21.7202,7.8659067,15.843312,23.709219,SiO2
34.1348,7.774823,22.538488,30.313313,SiN
33.4558,7.774823,22.538488,30.313313,SiN
34.2574,7.774823,22.538488,30.313313,SiN
35.4786,7.774823,22.538488,30.313313,SiN
35.6206,7.774823,22.538488,30.313313,SiN
19.25668,7.908701,17.046778,24.955479,SiO2
22.4764,7.908701,17.046778,24.955479,SiO2
21.023,7.908701,17.046778,24.955479,SiO2
20.8722,7.908701,17.046778,24.955479,SiO2
21.497,7.908701,17.046778,24.955479,SiO2
36.5604,7.8134923,22.040466,29.853958,SiN
36.5642,7.8134923,22.040466,29.853958,SiN
35.666,7.8134923,22.040466,29.853958,SiN
37.0884,7.8134923,22.040466,29.853958,SiN
36.4574,7.8134923,22.040466,29.853958,SiN
21.0058,7.9396486,16.536444,24.476093,SiO2
21.6458,7.9396486,16.536444,24.476093,SiO2
20.277,7.9396486,16.536444,24.476093,SiO2
20.866,7.9396486,16.536444,24.476093,SiO2
21.1608,7.9396486,16.536444,24.476093,SiO2
33.3764,7.840785,20.09489,27.935677,SiN
31.477,7.840785,20.09489,27.935677,SiN
32.5958,7.840785,20.09489,27.935677,SiN
32.8008,7.840785,20.09489,27.935677,SiN
30.5206,7.840785,20.09489,27.935677,SiN
19.10812,7.9614315,14.439085,22.400517,SiO2
16.1906,7.9614315,14.439085,22.400517,SiO2
18.092,7.9614315,14.439085,22.400517,SiO2
16.22554,7.9614315,14.439085,22.400517,SiO2
17.79686,7.9614315,14.439085,22.400517,SiO2
25.524,7.8596153,16.463371,24.322987,SiN
24.706,7.8596153,16.463371,24.322987,SiN
26.3356,7.8596153,16.463371,24.322987,SiN
25.718,7.8596153,16.463371,24.322987,SiN
26.4666,7.8596153,16.463371,24.322987,SiN
25.3203,11.934118,14.548534,26.482653,Si
27.19375,11.934118,14.548534,26.482653,Si
22.61605,11.934118,14.548534,26.482653,Si
21.5147,11.934118,14.548534,26.482653,Si
21.47195,11.934118,14.548534,26.482653,Si
31.8369,11.643218,19.834867,31.478085,SiO2
29.3008,11.643218,19.834867,31.478085,SiO2
28.6305,11.643218,19.834867,31.478085,SiO2
29.00185,11.643218,19.834867,31.478085,SiO2
25.6414,11.643218,19.834867,31.478085,SiO2
38.97395,11.877785,28.55044,40.428223,SiN
38.54755,11.877785,28.55044,40.428223,SiN
39.68105,11.877785,28.55044,40.428223,SiN
39.54925,11.877785,28.55044,40.428223,SiN
40.4097,11.877785,28.55044,40.428223,SiN
40.5571,11.877785,28.55044,40.428223,SiN
33.1009,11.877785,28.55044,40.428223,SiN
40.6015,11.877785,28.55044,40.428223,SiN
41.78045,11.877785,28.55044,40.428223,SiN
35.2296,11.877785,28.55044,40.428223,SiN
26.77785,11.903675,15.92533,27.829006,Si
25.0246,11.903675,15.92533,27.829006,Si
26.14845,11.903675,15.92533,27.829006,Si
24.671,11.903675,15.92533,27.829006,Si
25.21815,11.903675,15.92533,27.829006,Si
32.0668,11.625745,20.332794,31.958538,SiO2
29.0634,11.625745,20.332794,31.958538,SiO2
30.3933,11.625745,20.332794,31.958538,SiO2
29.5283,11.625745,20.332794,31.958538,SiO2
29.01755,11.625745,20.332794,31.958538,SiO2
38.6134,11.861959,28.025785,39.887745,SiN
37.442,11.861959,28.025785,39.887745,SiN
42.92705,11.861959,28.025785,39.887745,SiN
41.2033,11.861959,28.025785,39.887745,SiN
39.5361,11.861959,28.025785,39.887745,SiN
40.67475,11.861959,28.025785,39.887745,SiN
40.287,11.861959,28.025785,39.887745,SiN
38.92415,11.861959,28.025785,39.887745,SiN
37.0807,11.861959,28.025785,39.887745,SiN
47.51445,11.861959,28.025785,39.887745,SiN
28.62725,11.8846445,17.029049,28.913692,Si
26.3297,11.8846445,17.029049,28.913692,Si
28.15445,11.8846445,17.029049,28.913692,Si
27.2043,11.8846445,17.029049,28.913692,Si
26.73065,11.8846445,17.029049,28.913692,Si
31.38645,11.611096,20.644585,32.25568,SiO2
27.2362,11.611096,20.644585,32.25568,SiO2
29.83145,11.611096,20.644585,32.25568,SiO2
34.6509,11.611096,20.644585,32.25568,SiO2
30.51855,11.611096,20.644585,32.25568,SiO2
44.1654,11.847889,27.42875,39.276638,SiN
43.6862,11.847889,27.42875,39.276638,SiN
41.0832,11.847889,27.42875,39.276638,SiN
41.02575,11.847889,27.42875,39.276638,SiN
43.8372,11.847889,27.42875,39.276638,SiN
41.86815,11.847889,27.42875,39.276638,SiN
43.55255,11.847889,27.42875,39.276638,SiN
46.8896,11.847889,27.42875,39.276638,SiN
39.88,11.847889,27.42875,39.276638,SiN
42.23325,11.847889,27.42875,39.276638,SiN
26.59055,11.871719,17.910255,29.781975,Si
26.3723,11.871719,17.910255,29.781975,Si
27.09385,11.871719,17.910255,29.781975,Si
27.60815,11.871719,17.910255,29.781975,Si
31.94715,11.599123,20.805616,32.40474,SiO2
31.89055,11.599123,20.805616,32.40474,SiO2
30.97735,11.599123,20.805616,32.40474,SiO2
31.7769,11.599123,20.805616,32.40474,SiO2
30.2876,11.599123,20.805616,32.40474,SiO2
49.22335,11.835831,26.762981,38.598812,SiN
48.7411,11.835831,26.762981,38.598812,SiN
47.65955,11.835831,26.762981,38.598812,SiN
46.49715,11.835831,26.762981,38.598812,SiN
47.23415,11.835831,26.762981,38.598812,SiN
47.37435,11.835831,26.762981,38.598812,SiN
41.3151,11.835831,26.762981,38.598812,SiN
45.78925,11.835831,26.762981,38.598812,SiN
41.61115,11.835831,26.762981,38.598812,SiN
44.77055,11.835831,26.762981,38.598812,SiN
20.0787,11.862311,18.606125,30.468437,Si
24.45265,11.862311,18.606125,30.468437,Si
24.39805,11.862311,18.606125,30.468437,Si
25.0563,11.862311,18.606125,30.468437,Si
31.0841,11.862311,18.606125,30.468437,Si
31.07235,11.589522,20.840523,32.430046,SiO2
30.4015,11.589522,20.840523,32.430046,SiO2
32.6811,11.589522,20.840523,32.430046,SiO2
30.7607,11.589522,20.840523,32.430046,SiO2
31.0149,11.589522,20.840523,32.430046,SiO2
48.97125,11.82577,26.02405,37.84982,SiN
45.6691,11.82577,26.02405,37.84982,SiN
48.00825,11.82577,26.02405,37.84982,SiN
49.2549,11.82577,26.02405,37.84982,SiN
43.58875,11.82577,26.02405,37.84982,SiN
41.08055,11.82577,26.02405,37.84982,SiN
44.6494,11.82577,26.02405,37.84982,SiN
41.4522,11.82577,26.02405,37.84982,SiN
42.7156,11.82577,26.02405,37.84982,SiN
41.9839,11.82577,26.02405,37.84982,SiN
21.9119,11.855181,19.147137,31.002317,Si
22.95035,11.855181,19.147137,31.002317,Si
23.4945,11.855181,19.147137,31.002317,Si
22.48905,11.855181,19.147137,31.002317,Si
23.00835,11.855181,19.147137,31.002317,Si
34.41085,11.581959,20.76815,32.35011,SiO2
30.67855,11.581959,20.76815,32.35011,SiO2
28.14945,11.581959,20.76815,32.35011,SiO2
31.8028,11.581959,20.76815,32.35011,SiO2
27.88085,11.581959,20.76815,32.35011,SiO2
43.03255,11.8175535,25.202253,37.019806,SiN
41.3116,11.8175535,25.202253,37.019806,SiN
37.8826,11.8175535,25.202253,37.019806,SiN
48.42205,11.8175535,25.202253,37.019806,SiN
37.0473,11.8175535,25.202253,37.019806,SiN
41.0707,11.8175535,25.202253,37.019806,SiN
43.71915,11.8175535,25.202253,37.019806,SiN
43.4945,11.8175535,25.202253,37.019806,SiN
35.48595,11.8175535,25.202253,37.019806,SiN
38.51435,11.8175535,25.202253,37.019806,SiN
33.97635,11.537508,22.031189,33.568695,SiO2
26.7179,11.537508,22.031189,33.568695,SiO2
29.09445,11.537508,22.031189,33.568695,SiO2
23.86085,11.537508,22.031189,33.568695,SiO2
31.24615,11.537508,22.031189,33.568695,SiO2
34.73585,11.829982,29.48407,41.314053,SiN
35.59705,11.829982,29.48407,41.314053,SiN
39.1942,11.829982,29.48407,41.314053,SiN
36.0379,11.829982,29.48407,41.314053,SiN
37.43705,11.829982,29.48407,41.314053,SiN
32.37965,11.591051,21.871254,33.462303,SiO2
33.0148,11.591051,21.871254,33.462303,SiO2
30.4391,11.591051,21.871254,33.462303,SiO2
30.46505,11.591051,21.871254,33.462303,SiO2
32.70335,11.591051,21.871254,33.462303,SiO2
38.6134,11.866278,28.738592,40.60487,SiN
37.442,11.866278,28.738592,40.60487,SiN
42.92705,11.866278,28.738592,40.60487,SiN
41.2033,11.866278,28.738592,40.60487,SiN
39.5361,11.866278,28.738592,40.60487,SiN
25.3161,11.656458,18.01727,29.673727,SiO2
23.19705,11.656458,18.01727,29.673727,SiO2
30.1265,11.656458,18.01727,29.673727,SiO2
25.65765,11.656458,18.01727,29.673727,SiO2
28.48875,11.656458,18.01727,29.673727,SiO2
33.5096,11.910689,25.105833,37.01652,SiN
36.7867,11.910689,25.105833,37.01652,SiN
34.04215,11.910689,25.105833,37.01652,SiN
40.05005,11.910689,25.105833,37.01652,SiN
37.2839,11.910689,25.105833,37.01652,SiN
24.4996,11.687602,7.839393,19.526995,SiO2
20.5143,11.687602,7.839393,19.526995,SiO2
19.06585,11.687602,7.839393,19.526995,SiO2
19.3117,11.687602,7.839393,19.526995,SiO2
20.3668,11.687602,7.839393,19.526995,SiO2
19.7652,11.931916,18.63165,30.563568,SiN
26.0321,11.931916,18.63165,30.563568,SiN
23.8188,11.931916,18.63165,30.563568,SiN
21.7996,11.931916,18.63165,30.563568,SiN
23.77785,11.931916,18.63165,30.563568,SiN
10.51955,11.69968,-1.1136682,10.586012,SiO2
18.6744,11.69968,-1.1136682,10.586012,SiO2
15.50175,11.69968,-1.1136682,10.586012,SiO2
14.7515,11.69968,-1.1136682,10.586012,SiO2
16.7502,11.69968,-1.1136682,10.586012,SiO2
13.1444,11.940182,8.403811,20.343994,SiN
13.36925,11.940182,8.403811,20.343994,SiN
11.39935,11.940182,8.403811,20.343994,SiN
11.02375,11.940182,8.403811,20.343994,SiN
9.3441,11.940182,8.403811,20.343994,SiN
9.53695,11.778255,4.031221,15.809477,SiO2
15.8347,11.778255,4.031221,15.809477,SiO2
16.1286,11.778255,4.031221,15.809477,SiO2
11.8387,11.778255,4.031221,15.809477,SiO2
9.69365,11.778255,4.031221,15.809477,SiO2
20.96735,11.941477,12.448903,24.39038,SiN
21.6293,11.760127,13.303396,25.063522,SiO2
21.5079,11.760127,13.303396,25.063522,SiO2
21.3609,11.760127,13.303396,25.063522,SiO2
22.9569,11.760127,13.303396,25.063522,SiO2
19.89635,11.760127,13.303396,25.063522,SiO2
33.3543,11.930068,20.40899,32.339058,SiN
36.3179,11.930068,20.40899,32.339058,SiN
34.6335,11.930068,20.40899,32.339058,SiN
31.6915,11.930068,20.40899,32.339058,SiN
33.43365,11.930068,20.40899,32.339058,SiN
22.1703,11.72147,18.130924,29.852394,SiO2
23.69775,11.72147,18.130924,29.852394,SiO2
23.2873,11.72147,18.130924,29.852394,SiO2
23.95165,11.72147,18.130924,29.852394,SiO2
23.9897,11.72147,18.130924,29.852394,SiO2
39.29495,11.905121,24.858988,36.764107,SiN
37.4009,11.905121,24.858988,36.764107,SiN
37.2122,11.905121,24.858988,36.764107,SiN
39.43265,11.905121,24.858988,36.764107,SiN
35.6343,11.905121,24.858988,36.764107,SiN
32.38105,11.6797085,20.477968,32.157677,SiO2
32.0131,11.6797085,20.477968,32.157677,SiO2
29.5596,11.6797085,20.477968,32.157677,SiO2
29.7059,11.6797085,20.477968,32.157677,SiO2
33.12095,11.6797085,20.477968,32.157677,SiO2
45.23605,11.877254,27.418055,39.295307,SiN
44.4362,11.877254,27.418055,39.295307,SiN
47.84285,11.877254,27.418055,39.295307,SiN
48.45715,11.877254,27.418055,39.295307,SiN
46.62365,11.877254,27.418055,39.295307,SiN
27.2624,11.635058,21.40561,33.04067,SiO2
29.9035,11.635058,21.40561,33.04067,SiO2
27.46385,11.635058,21.40561,33.04067,SiO2
29.28635,11.635058,21.40561,33.04067,SiO2
26.75685,11.635058,21.40561,33.04067,SiO2
42.33405,11.846454,29.015993,40.862446,SiN
40.55675,11.846454,29.015993,40.862446,SiN
41.37805,11.846454,29.015993,40.862446,SiN
39.29645,11.846454,29.015993,40.862446,SiN
44.4569,11.846454,29.015993,40.862446,SiN
33.04125,11.641021,20.939959,32.58098,SiO2
38.7209,11.641021,20.939959,32.58098,SiO2
39.9038,11.641021,20.939959,32.58098,SiO2
36.1237,11.641021,20.939959,32.58098,SiO2
39.4574,11.641021,20.939959,32.58098,SiO2
51.9715,11.843897,28.16042,40.00432,SiN
55.069,11.843897,28.16042,40.00432,SiN
50.1295,11.843897,28.16042,40.00432,SiN
54.674,11.843897,28.16042,40.00432,SiN
49.28295,11.843897,28.16042,40.00432,SiN
34.3671,11.768045,14.8340845,26.60213,Si
33.7407,11.768045,14.8340845,26.60213,Si
34.0297,11.768045,14.8340845,26.60213,Si
33.80635,11.768045,14.8340845,26.60213,Si
41.22495,11.641021,19.910471,31.55149,SiO2
36.69935,11.641021,19.910471,31.55149,SiO2
37.10615,11.641021,19.910471,31.55149,SiO2
37.02665,11.641021,19.910471,31.55149,SiO2
38.6627,11.641021,19.910471,31.55149,SiO2
40.85425,11.843897,19.20807,31.051968,SiN
39.4821,11.843897,19.20807,31.051968,SiN
36.5128,11.843897,19.20807,31.051968,SiN
40.8099,11.843897,19.20807,31.051968,SiN
39.84125,11.843897,19.20807,31.051968,SiN
34.95495,11.641021,28.626776,40.267796,SiO2
35.5777,11.641021,28.626776,40.267796,SiO2
37.6624,11.641021,28.626776,40.267796,SiO2
37.91595,11.641021,28.626776,40.267796,SiO2
39.7991,11.641021,28.626776,40.267796,SiO2
46.1901,11.843897,22.478443,34.322342,SiN
38.9353,11.843897,22.478443,34.322342,SiN
38.23895,11.843897,22.478443,34.322342,SiN
39.6285,11.843897,22.478443,34.322342,SiN
40.52045,11.843897,22.478443,34.322342,SiN
33.5244,11.854186,14.446343,26.30053,Si
30.1459,11.854186,14.446343,26.30053,Si
33.3926,11.854186,14.446343,26.30053,Si
32.87765,11.854186,14.446343,26.30053,Si
31.4705,11.854186,14.446343,26.30053,Si
31.94945,11.854186,14.446343,26.30053,Si
28.5961,11.854186,14.446343,26.30053,Si
30.3192,11.854186,14.446343,26.30053,Si
30.3113,11.854186,14.446343,26.30053,Si
36.5851,11.618072,20.509407,32.12748,SiO2
42.99445,11.618072,20.509407,32.12748,SiO2
51.7095,11.618072,20.509407,32.12748,SiO2
37.36075,11.618072,20.509407,32.12748,SiO2
52.452,11.618072,20.509407,32.12748,SiO2
54.9145,11.618072,20.509407,32.12748,SiO2
65.4005,11.618072,20.509407,32.12748,SiO2
42.8823,11.618072,20.509407,32.12748,SiO2
59.7445,11.618072,20.509407,32.12748,SiO2
21.24175,11.887149,30.064968,41.952118,SiN
25.7204,11.887149,30.064968,41.952118,SiN
26.06585,11.887149,30.064968,41.952118,SiN
28.5546,11.887149,30.064968,41.952118,SiN
22.0708,11.887149,30.064968,41.952118,SiN
26.9819,11.887149,30.064968,41.952118,SiN
28.1486,11.887149,30.064968,41.952118,SiN
28.353,11.887149,30.064968,41.952118,SiN
27.80465,11.887149,30.064968,41.952118,SiN
23.9659,11.854186,12.612868,24.467054,Si
23.70425,11.854186,12.612868,24.467054,Si
21.81425,11.854186,12.612868,24.467054,Si
25.7581,11.854186,12.612868,24.467054,Si
24.1207,11.854186,12.612868,24.467054,Si
24.80485,11.854186,12.612868,24.467054,Si
24.9887,11.854186,12.612868,24.467054,Si
25.5683,11.854186,12.612868,24.467054,Si
22.11775,11.854186,12.612868,24.467054,Si
23.98635,11.854186,12.612868,24.467054,Si
25.6254,11.618072,23.358047,34.97612,SiO2
34.0444,11.618072,23.358047,34.97612,SiO2
31.9086,11.618072,23.358047,34.97612,SiO2
29.80185,11.618072,23.358047,34.97612,SiO2
34.8582,11.618072,23.358047,34.97612,SiO2
37.3016,11.618072,23.358047,34.97612,SiO2
32.53245,11.618072,23.358047,34.97612,SiO2
30.03365,11.618072,23.358047,34.97612,SiO2
26.449,11.618072,23.358047,34.97612,SiO2
36.2736,11.618072,23.358047,34.97612,SiO2
27.79925,11.887149,26.739586,38.626736,SiN
36.23235,11.887149,26.739586,38.626736,SiN
33.2934,11.887149,26.739586,38.626736,SiN
30.88435,11.887149,26.739586,38.626736,SiN
30.8621,11.887149,26.739586,38.626736,SiN
24.68655,11.887149,26.739586,38.626736,SiN
28.37295,11.887149,26.739586,38.626736,SiN
25.8326,11.887149,26.739586,38.626736,SiN
37.78165,11.887149,26.739586,38.626736,SiN
