y_true,y_phys,y_nn,y_total,y_lo,y_hi,substrate
15.4374,10.090424,2.7292151,12.819639,4.821375846862793,27.581436157226562,Si
14.662434,10.090424,2.7292151,12.819639,4.821375846862793,27.581436157226562,Si
12.9131,10.090424,2.7292151,12.819639,4.821375846862793,27.581436157226562,Si
13.4866,10.090424,2.7292151,12.819639,4.821375846862793,27.581436157226562,Si
13.142167,10.090424,2.7292151,12.819639,4.821375846862793,27.581436157226562,Si
28.959566,10.224165,9.987131,20.211296,14.014481544494629,32.92645263671875,SiO2
27.6854,10.224165,9.987131,20.211296,14.014481544494629,32.92645263671875,SiO2
29.212,10.224165,9.987131,20.211296,14.014481544494629,32.92645263671875,SiO2
26.909466,10.224165,9.987131,20.211296,14.014481544494629,32.92645263671875,SiO2
26.923767,10.224165,9.987131,20.211296,14.014481544494629,32.92645263671875,SiO2
21.140966,10.235174,18.78781,29.022984,13.984061241149902,39.647544860839844,SiN
19.5777,10.235174,18.78781,29.022984,13.984061241149902,39.647544860839844,SiN
19.650133,10.235174,18.78781,29.022984,13.984061241149902,39.647544860839844,SiN
22.1356,10.235174,18.78781,29.022984,13.984061241149902,39.647544860839844,SiN
22.816067,10.235174,18.78781,29.022984,13.984061241149902,39.647544860839844,SiN
19.9426,10.090424,11.273073,21.363497,13.365233421325684,36.12529373168945,Si
18.440634,10.090424,11.273073,21.363497,13.365233421325684,36.12529373168945,Si
19.753967,10.090424,11.273073,21.363497,13.365233421325684,36.12529373168945,Si
20.448267,10.090424,11.273073,21.363497,13.365233421325684,36.12529373168945,Si
16.6971,10.090424,11.273073,21.363497,13.365233421325684,36.12529373168945,Si
32.001266,10.224165,14.590659,24.814823,18.61800765991211,37.52997589111328,SiO2
31.543,10.224165,14.590659,24.814823,18.61800765991211,37.52997589111328,SiO2
31.359934,10.224165,14.590659,24.814823,18.61800765991211,37.52997589111328,SiO2
33.404667,10.224165,14.590659,24.814823,18.61800765991211,37.52997589111328,SiO2
30.683567,10.224165,14.590659,24.814823,18.61800765991211,37.52997589111328,SiO2
30.595833,10.235174,21.585215,31.820389,16.78146743774414,42.444950103759766,SiN
29.814167,10.235174,21.585215,31.820389,16.78146743774414,42.444950103759766,SiN
31.0926,10.235174,21.585215,31.820389,16.78146743774414,42.444950103759766,SiN
28.152334,10.235174,21.585215,31.820389,16.78146743774414,42.444950103759766,SiN
30.970133,10.235174,21.585215,31.820389,16.78146743774414,42.444950103759766,SiN
22.193567,10.090424,17.962662,28.053085,20.054821014404297,42.81488037109375,Si
25.446434,10.090424,17.962662,28.053085,20.054821014404297,42.81488037109375,Si
24.1212,10.090424,17.962662,28.053085,20.054821014404297,42.81488037109375,Si
23.8861,10.090424,17.962662,28.053085,20.054821014404297,42.81488037109375,Si
28.263933,10.090424,17.962662,28.053085,20.054821014404297,42.81488037109375,Si
34.678,10.224165,18.215736,28.439901,22.243087768554688,41.15505599975586,SiO2
35.244,10.224165,18.215736,28.439901,22.243087768554688,41.15505599975586,SiO2
34.753,10.224165,18.215736,28.439901,22.243087768554688,41.15505599975586,SiO2
32.543266,10.224165,18.215736,28.439901,22.243087768554688,41.15505599975586,SiO2
35.305332,10.224165,18.215736,28.439901,22.243087768554688,41.15505599975586,SiO2
31.540367,10.235174,23.44279,33.677963,18.639041900634766,44.30252456665039,SiN
31.773033,10.235174,23.44279,33.677963,18.639041900634766,44.30252456665039,SiN
31.109,10.235174,23.44279,33.677963,18.639041900634766,44.30252456665039,SiN
32.263634,10.235174,23.44279,33.677963,18.639041900634766,44.30252456665039,SiN
31.159166,10.235174,23.44279,33.677963,18.639041900634766,44.30252456665039,SiN
24.851334,10.090424,22.56479,32.655212,24.65694808959961,47.41700744628906,Si
25.420334,10.090424,22.56479,32.655212,24.65694808959961,47.41700744628906,Si
24.6522,10.090424,22.56479,32.655212,24.65694808959961,47.41700744628906,Si
27.7315,10.090424,22.56479,32.655212,24.65694808959961,47.41700744628906,Si
27.2612,10.090424,22.56479,32.655212,24.65694808959961,47.41700744628906,Si
34.289665,10.224165,21.158026,31.38219,25.185375213623047,44.09734344482422,SiO2
34.72167,10.224165,21.158026,31.38219,25.185375213623047,44.09734344482422,SiO2
36.400333,10.224165,21.158026,31.38219,25.185375213623047,44.09734344482422,SiO2
36.075333,10.224165,21.158026,31.38219,25.185375213623047,44.09734344482422,SiO2
35.130333,10.224165,21.158026,31.38219,25.185375213623047,44.09734344482422,SiO2
28.678467,10.090424,25.486797,35.57722,27.578956604003906,50.33901596069336,Si
26.830034,10.090424,25.486797,35.57722,27.578956604003906,50.33901596069336,Si
30.5983,10.090424,25.486797,35.57722,27.578956604003906,50.33901596069336,Si
26.857367,10.090424,25.486797,35.57722,27.578956604003906,50.33901596069336,Si
28.234434,10.090424,25.486797,35.57722,27.578956604003906,50.33901596069336,Si
34.983665,10.224165,23.608551,33.832718,27.635902404785156,46.547874450683594,SiO2
37.274334,10.224165,23.608551,33.832718,27.635902404785156,46.547874450683594,SiO2
36.915,10.224165,23.608551,33.832718,27.635902404785156,46.547874450683594,SiO2
36.878334,10.224165,23.608551,33.832718,27.635902404785156,46.547874450683594,SiO2
44.022,10.235174,24.453993,34.689167,19.650245666503906,45.31372833251953,SiN
46.016,10.235174,24.453993,34.689167,19.650245666503906,45.31372833251953,SiN
45.314,10.235174,24.453993,34.689167,19.650245666503906,45.31372833251953,SiN
45.062,10.235174,24.453993,34.689167,19.650245666503906,45.31372833251953,SiN
44.793,10.235174,24.453993,34.689167,19.650245666503906,45.31372833251953,SiN
1.3181,4.902859,-2.5502522,2.352607,0.0,17.114402770996094,Si
1.75025,4.902859,-2.5502522,2.352607,0.0,17.114402770996094,Si
1.49454,4.902859,-2.5502522,2.352607,0.0,17.114402770996094,Si
2.55298,4.902859,-2.5502522,2.352607,0.0,17.114402770996094,Si
1.65122,4.902859,-2.5502522,2.352607,0.0,17.114402770996094,Si
3.18212,5.199606,-2.7856617,2.4139442,0.0,15.129098892211914,SiO2
2.20406,5.199606,-2.7856617,2.4139442,0.0,15.129098892211914,SiO2
2.21303,5.199606,-2.7856617,2.4139442,0.0,15.129098892211914,SiO2
2.20766,5.199606,-2.7856617,2.4139442,0.0,15.129098892211914,SiO2
2.54851,5.199606,-2.7856617,2.4139442,0.0,15.129098892211914,SiO2
1.22553,5.041778,-3.0834591,1.958319,0.0,12.582879066467285,SiN
1.78682,5.041778,-3.0834591,1.958319,0.0,12.582879066467285,SiN
1.20768,5.041778,-3.0834591,1.958319,0.0,12.582879066467285,SiN
0.947498,5.041778,-3.0834591,1.958319,0.0,12.582879066467285,SiN
0.811975,5.041778,-3.0834591,1.958319,0.0,12.582879066467285,SiN
1.49673,4.902859,-2.4215,2.4813592,0.0,17.243154525756836,Si
1.95592,4.902859,-2.4215,2.4813592,0.0,17.243154525756836,Si
1.41942,4.902859,-2.4215,2.4813592,0.0,17.243154525756836,Si
1.15163,4.902859,-2.4215,2.4813592,0.0,17.243154525756836,Si
1.75192,4.902859,-2.4215,2.4813592,0.0,17.243154525756836,Si
1.60836,5.199606,-2.7439213,2.4556847,0.0,15.170839309692383,SiO2
1.8976,5.199606,-2.7439213,2.4556847,0.0,15.170839309692383,SiO2
1.86546,5.199606,-2.7439213,2.4556847,0.0,15.170839309692383,SiO2
1.83707,5.199606,-2.7439213,2.4556847,0.0,15.170839309692383,SiO2
2.16601,5.199606,-2.7439213,2.4556847,0.0,15.170839309692383,SiO2
1.01916,5.041778,-3.0177732,2.024005,0.0,12.648565292358398,SiN
1.2107,5.041778,-3.0177732,2.024005,0.0,12.648565292358398,SiN
0.850821,5.041778,-3.0177732,2.024005,0.0,12.648565292358398,SiN
1.43167,5.041778,-3.0177732,2.024005,0.0,12.648565292358398,SiN
0.876059,5.041778,-3.0177732,2.024005,0.0,12.648565292358398,SiN
1.43574,4.902859,-2.316564,2.5862951,0.0,17.34809112548828,Si
1.27007,4.902859,-2.316564,2.5862951,0.0,17.34809112548828,Si
1.47864,4.902859,-2.316564,2.5862951,0.0,17.34809112548828,Si
1.50898,4.902859,-2.316564,2.5862951,0.0,17.34809112548828,Si
0.926266,4.902859,-2.316564,2.5862951,0.0,17.34809112548828,Si
0.835963,5.199606,-2.7401905,2.4594154,0.0,15.174570083618164,SiO2
0.555763,5.199606,-2.7401905,2.4594154,0.0,15.174570083618164,SiO2
0.458864,5.199606,-2.7401905,2.4594154,0.0,15.174570083618164,SiO2
0.667299,5.199606,-2.7401905,2.4594154,0.0,15.174570083618164,SiO2
0.650636,5.199606,-2.7401905,2.4594154,0.0,15.174570083618164,SiO2
1.44518,5.041778,-3.0037007,2.0380774,0.0,12.662637710571289,SiN
2.02874,5.041778,-3.0037007,2.0380774,0.0,12.662637710571289,SiN
1.72608,5.041778,-3.0037007,2.0380774,0.0,12.662637710571289,SiN
1.56579,5.041778,-3.0037007,2.0380774,0.0,12.662637710571289,SiN
2.16913,5.041778,-3.0037007,2.0380774,0.0,12.662637710571289,SiN
2.54495,4.902859,-2.241627,2.6612322,0.0,17.42302894592285,Si
2.5816,4.902859,-2.241627,2.6612322,0.0,17.42302894592285,Si
1.97548,4.902859,-2.241627,2.6612322,0.0,17.42302894592285,Si
2.16231,4.902859,-2.241627,2.6612322,0.0,17.42302894592285,Si
2.33457,4.902859,-2.241627,2.6612322,0.0,17.42302894592285,Si
2.97207,5.199606,-2.7764604,2.4231455,0.0,15.138299942016602,SiO2
2.69596,5.199606,-2.7764604,2.4231455,0.0,15.138299942016602,SiO2
2.16644,5.199606,-2.7764604,2.4231455,0.0,15.138299942016602,SiO2
2.69239,5.199606,-2.7764604,2.4231455,0.0,15.138299942016602,SiO2
2.80017,5.199606,-2.7764604,2.4231455,0.0,15.138299942016602,SiO2
2.86039,5.041778,-3.056791,1.984987,0.0,12.60954761505127,SiN
1.68933,5.041778,-3.056791,1.984987,0.0,12.60954761505127,SiN
2.56199,5.041778,-3.056791,1.984987,0.0,12.60954761505127,SiN
1.84336,5.041778,-3.056791,1.984987,0.0,12.60954761505127,SiN
1.66151,5.041778,-3.056791,1.984987,0.0,12.60954761505127,SiN
2.4965,4.902859,-2.2032707,2.6995885,0.0,17.461383819580078,Si
2.74044,4.902859,-2.2032707,2.6995885,0.0,17.461383819580078,Si
2.44136,4.902859,-2.2032707,2.6995885,0.0,17.461383819580078,Si
2.64077,4.902859,-2.2032707,2.6995885,0.0,17.461383819580078,Si
2.68865,4.902859,-2.2032707,2.6995885,0.0,17.461383819580078,Si
2.31233,5.199606,-2.853548,2.346058,0.0,15.061212539672852,SiO2
2.17327,5.199606,-2.853548,2.346058,0.0,15.061212539672852,SiO2
2.53055,5.199606,-2.853548,2.346058,0.0,15.061212539672852,SiO2
2.75055,5.199606,-2.853548,2.346058,0.0,15.061212539672852,SiO2
2.7842,5.199606,-2.853548,2.346058,0.0,15.061212539672852,SiO2
1.93612,5.041778,-3.1882186,1.8535595,0.0,12.478119850158691,SiN
1.54538,5.041778,-3.1882186,1.8535595,0.0,12.478119850158691,SiN
3.00649,5.041778,-3.1882186,1.8535595,0.0,12.478119850158691,SiN
2.49642,5.041778,-3.1882186,1.8535595,0.0,12.478119850158691,SiN
2.12979,4.902859,-2.2077606,2.6950986,0.0,17.456893920898438,Si
2.83304,4.902859,-2.2077606,2.6950986,0.0,17.456893920898438,Si
2.61312,4.902859,-2.2077606,2.6950986,0.0,17.456893920898438,Si
2.94295,4.902859,-2.2077606,2.6950986,0.0,17.456893920898438,Si
2.57342,4.902859,-2.2077606,2.6950986,0.0,17.456893920898438,Si
2.28251,5.199606,-2.9712448,2.2283611,0.0,14.94351577758789,SiO2
2.89275,5.199606,-2.9712448,2.2283611,0.0,14.94351577758789,SiO2
2.20998,5.199606,-2.9712448,2.2283611,0.0,14.94351577758789,SiO2
2.00208,5.199606,-2.9712448,2.2283611,0.0,14.94351577758789,SiO2
2.28212,5.199606,-2.9712448,2.2283611,0.0,14.94351577758789,SiO2
2.6068,5.041778,-3.39775,1.6440282,0.0,12.26858901977539,SiN
2.02947,5.041778,-3.39775,1.6440282,0.0,12.26858901977539,SiN
1.79109,5.041778,-3.39775,1.6440282,0.0,12.26858901977539,SiN
1.3821,5.041778,-3.39775,1.6440282,0.0,12.26858901977539,SiN
2.6059,4.902859,-2.2601712,2.642688,0.0,17.404483795166016,Si
3.60703,4.902859,-2.2601712,2.642688,0.0,17.404483795166016,Si
3.60726,4.902859,-2.2601712,2.642688,0.0,17.404483795166016,Si
3.28453,4.902859,-2.2601712,2.642688,0.0,17.404483795166016,Si
3.23913,4.902859,-2.2601712,2.642688,0.0,17.404483795166016,Si
2.98015,5.199606,-3.1286113,2.0709946,0.0,14.786149024963379,SiO2
3.34213,5.199606,-3.1286113,2.0709946,0.0,14.786149024963379,SiO2
3.04388,5.199606,-3.1286113,2.0709946,0.0,14.786149024963379,SiO2
3.02333,5.199606,-3.1286113,2.0709946,0.0,14.786149024963379,SiO2
2.30453,5.199606,-3.1286113,2.0709946,0.0,14.786149024963379,SiO2
1.32712,5.041778,-3.6738923,1.3678858,0.0,11.992445945739746,SiN
1.27118,5.041778,-3.6738923,1.3678858,0.0,11.992445945739746,SiN
2.0961,5.041778,-3.6738923,1.3678858,0.0,11.992445945739746,SiN
2.62531,5.041778,-3.6738923,1.3678858,0.0,11.992445945739746,SiN
1.37803,5.041778,-3.6738923,1.3678858,0.0,11.992445945739746,SiN
1.82593,4.902859,-2.3635871,2.539272,0.0,17.301067352294922,Si
1.71784,4.902859,-2.3635871,2.539272,0.0,17.301067352294922,Si
1.94944,4.902859,-2.3635871,2.539272,0.0,17.301067352294922,Si
2.07982,4.902859,-2.3635871,2.539272,0.0,17.301067352294922,Si
2.0886,4.902859,-2.3635871,2.539272,0.0,17.301067352294922,Si
1.23255,5.199606,-3.3242235,1.8753824,0.0,14.590537071228027,SiO2
2.11346,5.199606,-3.3242235,1.8753824,0.0,14.590537071228027,SiO2
1.3199,5.199606,-3.3242235,1.8753824,0.0,14.590537071228027,SiO2
2.056,5.199606,-3.3242235,1.8753824,0.0,14.590537071228027,SiO2
2.90174,5.199606,-3.3242235,1.8753824,0.0,14.590537071228027,SiO2
1.64397,5.041778,-4.002274,1.039504,0.0,11.664064407348633,SiN
1.51917,5.041778,-4.002274,1.039504,0.0,11.664064407348633,SiN
2.07169,5.041778,-4.002274,1.039504,0.0,11.664064407348633,SiN
1.69443,5.041778,-4.002274,1.039504,0.0,11.664064407348633,SiN
1.55123,5.041778,-4.002274,1.039504,0.0,11.664064407348633,SiN
0.971259,4.902859,-2.5186682,2.384191,0.0,17.145986557006836,Si
0.897624,4.902859,-2.5186682,2.384191,0.0,17.145986557006836,Si
1.01036,4.902859,-2.5186682,2.384191,0.0,17.145986557006836,Si
1.01264,4.902859,-2.5186682,2.384191,0.0,17.145986557006836,Si
1.10967,4.902859,-2.5186682,2.384191,0.0,17.145986557006836,Si
1.63203,5.199606,-3.5561595,1.6434464,0.0,14.358600616455078,SiO2
1.43033,5.199606,-3.5561595,1.6434464,0.0,14.358600616455078,SiO2
1.77141,5.199606,-3.5561595,1.6434464,0.0,14.358600616455078,SiO2
2.05675,5.199606,-3.5561595,1.6434464,0.0,14.358600616455078,SiO2
2.04404,5.199606,-3.5561595,1.6434464,0.0,14.358600616455078,SiO2
1.7934,5.041778,-4.372721,0.6690569,0.0,11.293617248535156,SiN
2.3674,5.041778,-4.372721,0.6690569,0.0,11.293617248535156,SiN
1.14943,5.041778,-4.372721,0.6690569,0.0,11.293617248535156,SiN
2.42618,5.041778,-4.372721,0.6690569,0.0,11.293617248535156,SiN
1.18192,5.041778,-4.372721,0.6690569,0.0,11.293617248535156,SiN
0.701415,4.902859,-3.190657,1.7122023,0.0,16.4739990234375,Si
0.681571,4.902859,-3.190657,1.7122023,0.0,16.4739990234375,Si
0.498802,4.902859,-3.190657,1.7122023,0.0,16.4739990234375,Si
0.417446,4.902859,-3.190657,1.7122023,0.0,16.4739990234375,Si
0.726063,4.902859,-3.190657,1.7122023,0.0,16.4739990234375,Si
3.6052,5.199606,-3.5298858,1.6697202,0.0,14.38487434387207,SiO2
3.47686,5.199606,-3.5298858,1.6697202,0.0,14.38487434387207,SiO2
2.2085,5.199606,-3.5298858,1.6697202,0.0,14.38487434387207,SiO2
3.70512,5.199606,-3.5298858,1.6697202,0.0,14.38487434387207,SiO2
2.30558,5.199606,-3.5298858,1.6697202,0.0,14.38487434387207,SiO2
0.692141,5.041778,-3.8592813,1.1824968,0.0,11.80705738067627,SiN
0.89587,5.041778,-3.8592813,1.1824968,0.0,11.80705738067627,SiN
1.62524,5.041778,-3.8592813,1.1824968,0.0,11.80705738067627,SiN
1.62934,5.041778,-3.8592813,1.1824968,0.0,11.80705738067627,SiN
1.67304,5.041778,-3.8592813,1.1824968,0.0,11.80705738067627,SiN
0.488558,4.902859,-3.027243,1.8756163,0.0,16.637413024902344,Si
0.599065,4.902859,-3.027243,1.8756163,0.0,16.637413024902344,Si
0.575493,4.902859,-3.027243,1.8756163,0.0,16.637413024902344,Si
1.05516,4.902859,-3.027243,1.8756163,0.0,16.637413024902344,Si
0.812263,4.902859,-3.027243,1.8756163,0.0,16.637413024902344,Si
2.85823,5.199606,-3.4028695,1.7967365,0.0,14.51189136505127,SiO2
3.19509,5.199606,-3.4028695,1.7967365,0.0,14.51189136505127,SiO2
2.82649,5.199606,-3.4028695,1.7967365,0.0,14.51189136505127,SiO2
0.579928,5.041778,-3.902934,1.138844,0.0,11.763404846191406,SiN
0.636954,5.041778,-3.902934,1.138844,0.0,11.763404846191406,SiN
0.975133,5.041778,-3.902934,1.138844,0.0,11.763404846191406,SiN
0.781524,5.041778,-3.902934,1.138844,0.0,11.763404846191406,SiN
0.957868,5.041778,-3.902934,1.138844,0.0,11.763404846191406,SiN
0.413897,4.902859,-2.876926,2.0259333,0.0,16.787729263305664,Si
0.678666,4.902859,-2.876926,2.0259333,0.0,16.787729263305664,Si
0.503778,4.902859,-2.876926,2.0259333,0.0,16.787729263305664,Si
0.47909,4.902859,-2.876926,2.0259333,0.0,16.787729263305664,Si
0.482005,4.902859,-2.876926,2.0259333,0.0,16.787729263305664,Si
1.85163,5.199606,-3.3015227,1.8980832,0.0,14.613237380981445,SiO2
1.4116,5.199606,-3.3015227,1.8980832,0.0,14.613237380981445,SiO2
1.44204,5.199606,-3.3015227,1.8980832,0.0,14.613237380981445,SiO2
1.11407,5.199606,-3.3015227,1.8980832,0.0,14.613237380981445,SiO2
1.56206,5.199606,-3.3015227,1.8980832,0.0,14.613237380981445,SiO2
0.52245,5.041778,-3.9981985,1.0435796,0.0,11.668140411376953,SiN
0.331084,5.041778,-3.9981985,1.0435796,0.0,11.668140411376953,SiN
0.753812,5.041778,-3.9981985,1.0435796,0.0,11.668140411376953,SiN
0.445622,5.041778,-3.9981985,1.0435796,0.0,11.668140411376953,SiN
1.1237,5.041778,-3.9981985,1.0435796,0.0,11.668140411376953,SiN
0.334821,4.902859,-2.7424867,2.1603725,0.0,16.922168731689453,Si
0.620914,4.902859,-2.7424867,2.1603725,0.0,16.922168731689453,Si
0.694824,4.902859,-2.7424867,2.1603725,0.0,16.922168731689453,Si
0.567305,4.902859,-2.7424867,2.1603725,0.0,16.922168731689453,Si
0.73491,4.902859,-2.7424867,2.1603725,0.0,16.922168731689453,Si
0.554105,5.199606,-3.2303615,1.9692445,0.0,14.684398651123047,SiO2
0.662033,5.199606,-3.2303615,1.9692445,0.0,14.684398651123047,SiO2
0.962156,5.199606,-3.2303615,1.9692445,0.0,14.684398651123047,SiO2
0.457925,5.199606,-3.2303615,1.9692445,0.0,14.684398651123047,SiO2
1.39345,5.199606,-3.2303615,1.9692445,0.0,14.684398651123047,SiO2
1.00628,4.902859,-2.6272216,2.2756376,0.0,17.037433624267578,Si
1.02432,4.902859,-2.6272216,2.2756376,0.0,17.037433624267578,Si
0.9713,4.902859,-2.6272216,2.2756376,0.0,17.037433624267578,Si
0.92342,4.902859,-2.6272216,2.2756376,0.0,17.037433624267578,Si
1.032423,4.902859,-2.6272216,2.2756376,0.0,17.037433624267578,Si
0.668955,5.199606,-3.1936784,2.0059276,0.0,14.72108268737793,SiO2
0.926776,5.199606,-3.1936784,2.0059276,0.0,14.72108268737793,SiO2
0.899888,5.199606,-3.1936784,2.0059276,0.0,14.72108268737793,SiO2
0.675667,5.199606,-3.1936784,2.0059276,0.0,14.72108268737793,SiO2
0.616157,5.199606,-3.1936784,2.0059276,0.0,14.72108268737793,SiO2
1.60916,5.041778,-4.3177056,0.72407246,0.0,11.3486328125,SiN
1.04959,5.041778,-4.3177056,0.72407246,0.0,11.3486328125,SiN
1.71984,5.041778,-4.3177056,0.72407246,0.0,11.3486328125,SiN
1.31277,5.041778,-4.3177056,0.72407246,0.0,11.3486328125,SiN
1.74374,5.041778,-4.3177056,0.72407246,0.0,11.3486328125,SiN
1.00996,4.902859,-2.535032,2.3678272,0.0,17.129623413085938,Si
0.872843,4.902859,-2.535032,2.3678272,0.0,17.129623413085938,Si
0.666071,4.902859,-2.535032,2.3678272,0.0,17.129623413085938,Si
0.829537,4.902859,-2.535032,2.3678272,0.0,17.129623413085938,Si
1.12034,4.902859,-2.535032,2.3678272,0.0,17.129623413085938,Si
1.44297,5.199606,-3.1952689,2.004337,0.0,14.719491958618164,SiO2
1.19262,5.199606,-3.1952689,2.004337,0.0,14.719491958618164,SiO2
1.47335,5.199606,-3.1952689,2.004337,0.0,14.719491958618164,SiO2
1.48618,5.199606,-3.1952689,2.004337,0.0,14.719491958618164,SiO2
1.98434,5.199606,-3.1952689,2.004337,0.0,14.719491958618164,SiO2
1.21767,5.041778,-4.5352993,0.5064788,0.0,11.131038665771484,SiN
0.732601,5.041778,-4.5352993,0.5064788,0.0,11.131038665771484,SiN
0.858103,5.041778,-4.5352993,0.5064788,0.0,11.131038665771484,SiN
1.55112,5.041778,-4.5352993,0.5064788,0.0,11.131038665771484,SiN
1.44048,5.041778,-4.5352993,0.5064788,0.0,11.131038665771484,SiN
2.07745,4.902859,-2.47046,2.4323993,0.0,17.194194793701172,Si
1.43476,4.902859,-2.47046,2.4323993,0.0,17.194194793701172,Si
1.63428,4.902859,-2.47046,2.4323993,0.0,17.194194793701172,Si
2.11628,4.902859,-2.47046,2.4323993,0.0,17.194194793701172,Si
3.22414,4.902859,-2.47046,2.4323993,0.0,17.194194793701172,Si
1.41086,5.199606,-3.2381756,1.9614303,0.0,14.67658519744873,SiO2
1.26178,5.199606,-3.2381756,1.9614303,0.0,14.67658519744873,SiO2
1.16874,5.199606,-3.2381756,1.9614303,0.0,14.67658519744873,SiO2
1.3559,5.199606,-3.2381756,1.9614303,0.0,14.67658519744873,SiO2
1.55394,5.199606,-3.2381756,1.9614303,0.0,14.67658519744873,SiO2
1.61175,5.041778,-4.7921476,0.24963045,0.0,10.874191284179688,SiN
2.12874,5.041778,-4.7921476,0.24963045,0.0,10.874191284179688,SiN
1.30196,5.041778,-4.7921476,0.24963045,0.0,10.874191284179688,SiN
0.978476,5.041778,-4.7921476,0.24963045,0.0,10.874191284179688,SiN
1.18126,5.041778,-4.7921476,0.24963045,0.0,10.874191284179688,SiN
1.7011,4.902859,-2.4385912,2.464268,0.0,17.226064682006836,Si
1.19755,4.902859,-2.4385912,2.464268,0.0,17.226064682006836,Si
1.48747,4.902859,-2.4385912,2.464268,0.0,17.226064682006836,Si
1.01697,4.902859,-2.4385912,2.464268,0.0,17.226064682006836,Si
1.06545,4.902859,-2.4385912,2.464268,0.0,17.226064682006836,Si
2.14673,5.199606,-3.3244636,1.8751423,0.0,14.590296745300293,SiO2
1.80132,5.199606,-3.3244636,1.8751423,0.0,14.590296745300293,SiO2
2.28491,5.199606,-3.3244636,1.8751423,0.0,14.590296745300293,SiO2
1.66134,5.199606,-3.3244636,1.8751423,0.0,14.590296745300293,SiO2
1.46904,5.199606,-3.3244636,1.8751423,0.0,14.590296745300293,SiO2
2.23368,5.041778,-5.088129,-0.046350956,0.0,10.578208923339844,SiN
3.02844,5.041778,-5.088129,-0.046350956,0.0,10.578208923339844,SiN
2.08053,5.041778,-5.088129,-0.046350956,0.0,10.578208923339844,SiN
2.04867,5.041778,-5.088129,-0.046350956,0.0,10.578208923339844,SiN
1.29049,4.902859,-2.444789,2.4580703,0.0,17.219865798950195,Si
1.23387,4.902859,-2.444789,2.4580703,0.0,17.219865798950195,Si
0.976412,4.902859,-2.444789,2.4580703,0.0,17.219865798950195,Si
1.34762,4.902859,-2.444789,2.4580703,0.0,17.219865798950195,Si
1.01553,4.902859,-2.444789,2.4580703,0.0,17.219865798950195,Si
2.17318,5.199606,-3.4549932,1.7446127,0.0,14.45976734161377,SiO2
2.65787,5.199606,-3.4549932,1.7446127,0.0,14.45976734161377,SiO2
2.12377,5.199606,-3.4549932,1.7446127,0.0,14.45976734161377,SiO2
2.09849,5.199606,-3.4549932,1.7446127,0.0,14.45976734161377,SiO2
2.16065,5.199606,-3.4549932,1.7446127,0.0,14.45976734161377,SiO2
1.36258,5.041778,-5.4207973,-0.37901926,0.0,10.245540618896484,SiN
1.07776,5.041778,-5.4207973,-0.37901926,0.0,10.245540618896484,SiN
1.814553,5.041778,-5.4207973,-0.37901926,0.0,10.245540618896484,SiN
1.49769,5.041778,-5.4207973,-0.37901926,0.0,10.245540618896484,SiN
1.89304,5.041778,-5.4207973,-0.37901926,0.0,10.245540618896484,SiN
18.34176,7.654729,9.233562,16.88829,8.890027046203613,31.65008544921875,Si
17.78366,7.654729,9.233562,16.88829,8.890027046203613,31.65008544921875,Si
15.6596,7.654729,9.233562,16.88829,8.890027046203613,31.65008544921875,Si
16.85458,7.654729,9.233562,16.88829,8.890027046203613,31.65008544921875,Si
17.3758,7.654729,9.233562,16.88829,8.890027046203613,31.65008544921875,Si
17.6888,7.654729,9.233562,16.88829,8.890027046203613,31.65008544921875,Si
17.25808,7.654729,9.233562,16.88829,8.890027046203613,31.65008544921875,Si
19.7672,7.654729,9.233562,16.88829,8.890027046203613,31.65008544921875,Si
17.16904,7.654729,9.233562,16.88829,8.890027046203613,31.65008544921875,Si
18.58788,7.654729,9.233562,16.88829,8.890027046203613,31.65008544921875,Si
15.7222,7.910035,12.673126,20.58316,14.386345863342285,33.298316955566406,SiO2
18.6586,7.910035,12.673126,20.58316,14.386345863342285,33.298316955566406,SiO2
17.1578,7.910035,12.673126,20.58316,14.386345863342285,33.298316955566406,SiO2
18.8664,7.910035,12.673126,20.58316,14.386345863342285,33.298316955566406,SiO2
17.0216,7.910035,12.673126,20.58316,14.386345863342285,33.298316955566406,SiO2
18.15984,7.910035,12.673126,20.58316,14.386345863342285,33.298316955566406,SiO2
17.95822,7.910035,12.673126,20.58316,14.386345863342285,33.298316955566406,SiO2
17.62058,7.910035,12.673126,20.58316,14.386345863342285,33.298316955566406,SiO2
17.57716,7.910035,12.673126,20.58316,14.386345863342285,33.298316955566406,SiO2
18.4475,7.910035,12.673126,20.58316,14.386345863342285,33.298316955566406,SiO2
30.1862,7.8148746,26.383965,34.198837,19.159915924072266,44.82339859008789,SiN
32.8858,7.8148746,26.383965,34.198837,19.159915924072266,44.82339859008789,SiN
30.4922,7.8148746,26.383965,34.198837,19.159915924072266,44.82339859008789,SiN
30.9662,7.8148746,26.383965,34.198837,19.159915924072266,44.82339859008789,SiN
30.4232,7.8148746,26.383965,34.198837,19.159915924072266,44.82339859008789,SiN
31.5444,7.8148746,26.383965,34.198837,19.159915924072266,44.82339859008789,SiN
32.7494,7.8148746,26.383965,34.198837,19.159915924072266,44.82339859008789,SiN
32.2234,7.8148746,26.383965,34.198837,19.159915924072266,44.82339859008789,SiN
30.6652,7.8148746,26.383965,34.198837,19.159915924072266,44.82339859008789,SiN
30.1308,7.8148746,26.383965,34.198837,19.159915924072266,44.82339859008789,SiN
18.25088,7.6260076,11.4985895,19.124598,11.126334190368652,33.88639450073242,Si
19.43868,7.6260076,11.4985895,19.124598,11.126334190368652,33.88639450073242,Si
17.54458,7.6260076,11.4985895,19.124598,11.126334190368652,33.88639450073242,Si
18.64274,7.6260076,11.4985895,19.124598,11.126334190368652,33.88639450073242,Si
20.8716,7.6260076,11.4985895,19.124598,11.126334190368652,33.88639450073242,Si
20.1686,7.6260076,11.4985895,19.124598,11.126334190368652,33.88639450073242,Si
18.49482,7.6260076,11.4985895,19.124598,11.126334190368652,33.88639450073242,Si
18.9064,7.6260076,11.4985895,19.124598,11.126334190368652,33.88639450073242,Si
19.29948,7.6260076,11.4985895,19.124598,11.126334190368652,33.88639450073242,Si
17.87222,7.6260076,11.4985895,19.124598,11.126334190368652,33.88639450073242,Si
20.955,7.889725,12.842052,20.731777,14.53496265411377,33.446929931640625,SiO2
22.4436,7.889725,12.842052,20.731777,14.53496265411377,33.446929931640625,SiO2
22.352,7.889725,12.842052,20.731777,14.53496265411377,33.446929931640625,SiO2
20.654,7.889725,12.842052,20.731777,14.53496265411377,33.446929931640625,SiO2
20.0772,7.889725,12.842052,20.731777,14.53496265411377,33.446929931640625,SiO2
20.4738,7.889725,12.842052,20.731777,14.53496265411377,33.446929931640625,SiO2
19.17442,7.889725,12.842052,20.731777,14.53496265411377,33.446929931640625,SiO2
20.2416,7.889725,12.842052,20.731777,14.53496265411377,33.446929931640625,SiO2
20.003,7.889725,12.842052,20.731777,14.53496265411377,33.446929931640625,SiO2
20.2494,7.889725,12.842052,20.731777,14.53496265411377,33.446929931640625,SiO2
31.7486,7.7944307,24.50325,32.29768,17.258758544921875,42.9222412109375,SiN
32.6302,7.7944307,24.50325,32.29768,17.258758544921875,42.9222412109375,SiN
31.8228,7.7944307,24.50325,32.29768,17.258758544921875,42.9222412109375,SiN
33.0748,7.7944307,24.50325,32.29768,17.258758544921875,42.9222412109375,SiN
34.2366,7.7944307,24.50325,32.29768,17.258758544921875,42.9222412109375,SiN
32.5526,7.7944307,24.50325,32.29768,17.258758544921875,42.9222412109375,SiN
32.0254,7.7944307,24.50325,32.29768,17.258758544921875,42.9222412109375,SiN
33.5928,7.7944307,24.50325,32.29768,17.258758544921875,42.9222412109375,SiN
32.3384,7.7944307,24.50325,32.29768,17.258758544921875,42.9222412109375,SiN
33.4752,7.7944307,24.50325,32.29768,17.258758544921875,42.9222412109375,SiN
22.6546,7.6089764,12.874043,20.48302,12.484757423400879,35.244815826416016,Si
20.6756,7.6089764,12.874043,20.48302,12.484757423400879,35.244815826416016,Si
21.1664,7.6089764,12.874043,20.48302,12.484757423400879,35.244815826416016,Si
20.6304,7.6089764,12.874043,20.48302,12.484757423400879,35.244815826416016,Si
19.22618,7.6089764,12.874043,20.48302,12.484757423400879,35.244815826416016,Si
19.30666,7.6089764,12.874043,20.48302,12.484757423400879,35.244815826416016,Si
20.5748,7.6089764,12.874043,20.48302,12.484757423400879,35.244815826416016,Si
19.6004,7.6089764,12.874043,20.48302,12.484757423400879,35.244815826416016,Si
20.6218,7.6089764,12.874043,20.48302,12.484757423400879,35.244815826416016,Si
20.2546,7.6089764,12.874043,20.48302,12.484757423400879,35.244815826416016,Si
18.39378,7.8762474,12.323468,20.199715,14.002900123596191,32.91487121582031,SiO2
19.94814,7.8762474,12.323468,20.199715,14.002900123596191,32.91487121582031,SiO2
16.0945,7.8762474,12.323468,20.199715,14.002900123596191,32.91487121582031,SiO2
19.6615,7.8762474,12.323468,20.199715,14.002900123596191,32.91487121582031,SiO2
19.54066,7.8762474,12.323468,20.199715,14.002900123596191,32.91487121582031,SiO2
18.86312,7.8762474,12.323468,20.199715,14.002900123596191,32.91487121582031,SiO2
18.98118,7.8762474,12.323468,20.199715,14.002900123596191,32.91487121582031,SiO2
19.328,7.8762474,12.323468,20.199715,14.002900123596191,32.91487121582031,SiO2
17.6335,7.8762474,12.323468,20.199715,14.002900123596191,32.91487121582031,SiO2
19.16244,7.8762474,12.323468,20.199715,14.002900123596191,32.91487121582031,SiO2
32.407,7.7800736,21.963284,29.743357,14.704434394836426,40.367916107177734,SiN
31.841,7.7800736,21.963284,29.743357,14.704434394836426,40.367916107177734,SiN
38.2362,7.7800736,21.963284,29.743357,14.704434394836426,40.367916107177734,SiN
35.2944,7.7800736,21.963284,29.743357,14.704434394836426,40.367916107177734,SiN
37.1814,7.7800736,21.963284,29.743357,14.704434394836426,40.367916107177734,SiN
34.053,7.7800736,21.963284,29.743357,14.704434394836426,40.367916107177734,SiN
34.3536,7.7800736,21.963284,29.743357,14.704434394836426,40.367916107177734,SiN
34.5,7.7800736,21.963284,29.743357,14.704434394836426,40.367916107177734,SiN
32.6362,7.7800736,21.963284,29.743357,14.704434394836426,40.367916107177734,SiN
33.2536,7.7800736,21.963284,29.743357,14.704434394836426,40.367916107177734,SiN
18.18448,7.5888577,7.114006,14.702864,6.7046003341674805,29.46466064453125,Si
18.039,7.5888577,7.114006,14.702864,6.7046003341674805,29.46466064453125,Si
19.30296,7.5888577,7.114006,14.702864,6.7046003341674805,29.46466064453125,Si
21.4636,7.5888577,7.114006,14.702864,6.7046003341674805,29.46466064453125,Si
19.2743,7.5888577,7.114006,14.702864,6.7046003341674805,29.46466064453125,Si
19.71456,7.5888577,7.114006,14.702864,6.7046003341674805,29.46466064453125,Si
18.83308,7.5888577,7.114006,14.702864,6.7046003341674805,29.46466064453125,Si
18.47984,7.5888577,7.114006,14.702864,6.7046003341674805,29.46466064453125,Si
19.28192,7.5888577,7.114006,14.702864,6.7046003341674805,29.46466064453125,Si
21.1188,7.5888577,7.114006,14.702864,6.7046003341674805,29.46466064453125,Si
10.13472,7.860321,2.103029,9.96335,3.766535758972168,22.678504943847656,SiO2
8.4439,7.860321,2.103029,9.96335,3.766535758972168,22.678504943847656,SiO2
9.34768,7.860321,2.103029,9.96335,3.766535758972168,22.678504943847656,SiO2
9.78142,7.860321,2.103029,9.96335,3.766535758972168,22.678504943847656,SiO2
10.81506,7.860321,2.103029,9.96335,3.766535758972168,22.678504943847656,SiO2
8.13706,7.860321,2.103029,9.96335,3.766535758972168,22.678504943847656,SiO2
8.11856,7.860321,2.103029,9.96335,3.766535758972168,22.678504943847656,SiO2
10.0703,7.860321,2.103029,9.96335,3.766535758972168,22.678504943847656,SiO2
8.03364,7.860321,2.103029,9.96335,3.766535758972168,22.678504943847656,SiO2
9.03172,7.860321,2.103029,9.96335,3.766535758972168,22.678504943847656,SiO2
5.89356,7.7598515,-0.036283277,7.723568,0.0,18.348129272460938,SiN
7.43198,7.7598515,-0.036283277,7.723568,0.0,18.348129272460938,SiN
5.24964,7.7598515,-0.036283277,7.723568,0.0,18.348129272460938,SiN
5.7596,7.7598515,-0.036283277,7.723568,0.0,18.348129272460938,SiN
5.35868,7.7598515,-0.036283277,7.723568,0.0,18.348129272460938,SiN
4.55768,7.7598515,-0.036283277,7.723568,0.0,18.348129272460938,SiN
5.33228,7.7598515,-0.036283277,7.723568,0.0,18.348129272460938,SiN
4.0075,7.7598515,-0.036283277,7.723568,0.0,18.348129272460938,SiN
5.6946,7.7598515,-0.036283277,7.723568,0.0,18.348129272460938,SiN
4.59354,7.7598515,-0.036283277,7.723568,0.0,18.348129272460938,SiN
24.2104,7.6031713,-0.72073716,6.8824344,0.0,21.644229888916016,Si
23.8354,7.6031713,-0.72073716,6.8824344,0.0,21.644229888916016,Si
21.6772,7.6031713,-0.72073716,6.8824344,0.0,21.644229888916016,Si
21.5028,7.6031713,-0.72073716,6.8824344,0.0,21.644229888916016,Si
22.8526,7.6031713,-0.72073716,6.8824344,0.0,21.644229888916016,Si
21.6952,7.6031713,-0.72073716,6.8824344,0.0,21.644229888916016,Si
23.157,7.6031713,-0.72073716,6.8824344,0.0,21.644229888916016,Si
23.7292,7.6031713,-0.72073716,6.8824344,0.0,21.644229888916016,Si
21.4676,7.6031713,-0.72073716,6.8824344,0.0,21.644229888916016,Si
21.6144,7.6031713,-0.72073716,6.8824344,0.0,21.644229888916016,Si
9.5431,7.876487,-2.9907172,4.88577,0.0,17.60092544555664,SiO2
9.10694,7.876487,-2.9907172,4.88577,0.0,17.60092544555664,SiO2
7.71954,7.876487,-2.9907172,4.88577,0.0,17.60092544555664,SiO2
5.6865,7.876487,-2.9907172,4.88577,0.0,17.60092544555664,SiO2
4.8845,7.876487,-2.9907172,4.88577,0.0,17.60092544555664,SiO2
6.02008,7.876487,-2.9907172,4.88577,0.0,17.60092544555664,SiO2
6.85056,7.876487,-2.9907172,4.88577,0.0,17.60092544555664,SiO2
7.10684,7.876487,-2.9907172,4.88577,0.0,17.60092544555664,SiO2
7.93338,7.876487,-2.9907172,4.88577,0.0,17.60092544555664,SiO2
9.19964,7.876487,-2.9907172,4.88577,0.0,17.60092544555664,SiO2
1.365884,7.772197,-4.03297,3.7392268,0.0,14.363786697387695,SiN
1.278736,7.772197,-4.03297,3.7392268,0.0,14.363786697387695,SiN
2.03382,7.772197,-4.03297,3.7392268,0.0,14.363786697387695,SiN
0.953002,7.772197,-4.03297,3.7392268,0.0,14.363786697387695,SiN
4.5669,7.772197,-4.03297,3.7392268,0.0,14.363786697387695,SiN
3.79712,7.772197,-4.03297,3.7392268,0.0,14.363786697387695,SiN
3.8547,7.772197,-4.03297,3.7392268,0.0,14.363786697387695,SiN
2.9474,7.772197,-4.03297,3.7392268,0.0,14.363786697387695,SiN
2.05544,7.772197,-4.03297,3.7392268,0.0,14.363786697387695,SiN
3.99218,7.772197,-4.03297,3.7392268,0.0,14.363786697387695,SiN
8.21456,7.699494,0.50412685,8.203621,0.20535755157470703,22.965415954589844,Si
6.36982,7.699494,0.50412685,8.203621,0.20535755157470703,22.965415954589844,Si
6.09408,7.699494,0.50412685,8.203621,0.20535755157470703,22.965415954589844,Si
7.4214,7.699494,0.50412685,8.203621,0.20535755157470703,22.965415954589844,Si
6.19706,7.699494,0.50412685,8.203621,0.20535755157470703,22.965415954589844,Si
3.58688,7.9263926,-1.8400656,6.086327,0.0,18.801481246948242,SiO2
5.46262,7.9263926,-1.8400656,6.086327,0.0,18.801481246948242,SiO2
3.06468,7.9263926,-1.8400656,6.086327,0.0,18.801481246948242,SiO2
5.8881,7.9263926,-1.8400656,6.086327,0.0,18.801481246948242,SiO2
5.71382,7.9263926,-1.8400656,6.086327,0.0,18.801481246948242,SiO2
4.82424,7.9263926,-1.8400656,6.086327,0.0,18.801481246948242,SiO2
6.7333,7.9263926,-1.8400656,6.086327,0.0,18.801481246948242,SiO2
5.11686,7.9263926,-1.8400656,6.086327,0.0,18.801481246948242,SiO2
5.19086,7.9263926,-1.8400656,6.086327,0.0,18.801481246948242,SiO2
4.02808,7.9263926,-1.8400656,6.086327,0.0,18.801481246948242,SiO2
0.630918,7.8115253,-2.2697399,5.5417852,0.0,16.166345596313477,SiN
0.375784,7.8115253,-2.2697399,5.5417852,0.0,16.166345596313477,SiN
0.330232,7.8115253,-2.2697399,5.5417852,0.0,16.166345596313477,SiN
0.22022,7.8115253,-2.2697399,5.5417852,0.0,16.166345596313477,SiN
0.488842,7.8115253,-2.2697399,5.5417852,0.0,16.166345596313477,SiN
12.20772,7.66669,5.5903945,13.257084,5.258820533752441,28.018878936767578,Si
15.9068,7.66669,5.5903945,13.257084,5.258820533752441,28.018878936767578,Si
13.8504,7.66669,5.5903945,13.257084,5.258820533752441,28.018878936767578,Si
14.36336,7.66669,5.5903945,13.257084,5.258820533752441,28.018878936767578,Si
14.54602,7.66669,5.5903945,13.257084,5.258820533752441,28.018878936767578,Si
12.58248,7.877037,-1.1185373,6.7584996,0.5616850852966309,19.47365379333496,SiO2
11.04892,7.877037,-1.1185373,6.7584996,0.5616850852966309,19.47365379333496,SiO2
7.66062,7.877037,-1.1185373,6.7584996,0.5616850852966309,19.47365379333496,SiO2
10.2345,7.877037,-1.1185373,6.7584996,0.5616850852966309,19.47365379333496,SiO2
9.6047,7.877037,-1.1185373,6.7584996,0.5616850852966309,19.47365379333496,SiO2
7.02804,7.877037,-1.1185373,6.7584996,0.5616850852966309,19.47365379333496,SiO2
6.78374,7.877037,-1.1185373,6.7584996,0.5616850852966309,19.47365379333496,SiO2
7.15546,7.877037,-1.1185373,6.7584996,0.5616850852966309,19.47365379333496,SiO2
8.6519,7.877037,-1.1185373,6.7584996,0.5616850852966309,19.47365379333496,SiO2
7.59466,7.877037,-1.1185373,6.7584996,0.5616850852966309,19.47365379333496,SiO2
4.04064,7.7612696,-0.29897568,7.462294,0.0,18.086854934692383,SiN
2.40426,7.7612696,-0.29897568,7.462294,0.0,18.086854934692383,SiN
4.8765,7.7612696,-0.29897568,7.462294,0.0,18.086854934692383,SiN
2.83126,7.7612696,-0.29897568,7.462294,0.0,18.086854934692383,SiN
3.3382,7.7612696,-0.29897568,7.462294,0.0,18.086854934692383,SiN
26.229,7.6428733,16.155684,23.798557,15.800293922424316,38.56035232543945,Si
23.8522,7.6428733,16.155684,23.798557,15.800293922424316,38.56035232543945,Si
24.6066,7.6428733,16.155684,23.798557,15.800293922424316,38.56035232543945,Si
24.3796,7.6428733,16.155684,23.798557,15.800293922424316,38.56035232543945,Si
24.6118,7.6428733,16.155684,23.798557,15.800293922424316,38.56035232543945,Si
15.88576,7.8402686,3.1115944,10.951863,4.755048751831055,23.66701889038086,SiO2
17.4937,7.8402686,3.1115944,10.951863,4.755048751831055,23.66701889038086,SiO2
16.15744,7.8402686,3.1115944,10.951863,4.755048751831055,23.66701889038086,SiO2
17.76926,7.8402686,3.1115944,10.951863,4.755048751831055,23.66701889038086,SiO2
17.74274,7.8402686,3.1115944,10.951863,4.755048751831055,23.66701889038086,SiO2
14.63294,7.8402686,3.1115944,10.951863,4.755048751831055,23.66701889038086,SiO2
12.91862,7.8402686,3.1115944,10.951863,4.755048751831055,23.66701889038086,SiO2
13.4675,7.8402686,3.1115944,10.951863,4.755048751831055,23.66701889038086,SiO2
14.28236,7.8402686,3.1115944,10.951863,4.755048751831055,23.66701889038086,SiO2
15.18988,7.8402686,3.1115944,10.951863,4.755048751831055,23.66701889038086,SiO2
11.7033,7.719891,9.64396,17.363852,2.3249292373657227,27.98841094970703,SiN
7.19774,7.719891,9.64396,17.363852,2.3249292373657227,27.98841094970703,SiN
7.30576,7.719891,9.64396,17.363852,2.3249292373657227,27.98841094970703,SiN
6.9311,7.719891,9.64396,17.363852,2.3249292373657227,27.98841094970703,SiN
6.98736,7.719891,9.64396,17.363852,2.3249292373657227,27.98841094970703,SiN
34.2312,7.625987,22.76156,30.387547,22.3892822265625,45.14934158325195,Si
33.8694,7.625987,22.76156,30.387547,22.3892822265625,45.14934158325195,Si
31.6876,7.625987,22.76156,30.387547,22.3892822265625,45.14934158325195,Si
30.6562,7.625987,22.76156,30.387547,22.3892822265625,45.14934158325195,Si
29.3746,7.625987,22.76156,30.387547,22.3892822265625,45.14934158325195,Si
28.4616,7.811832,10.015067,17.826899,11.630084037780762,30.54205322265625,SiO2
29.7862,7.811832,10.015067,17.826899,11.630084037780762,30.54205322265625,SiO2
28.5392,7.811832,10.015067,17.826899,11.630084037780762,30.54205322265625,SiO2
26.8852,7.811832,10.015067,17.826899,11.630084037780762,30.54205322265625,SiO2
26.8196,7.811832,10.015067,17.826899,11.630084037780762,30.54205322265625,SiO2
24.709,7.811832,10.015067,17.826899,11.630084037780762,30.54205322265625,SiO2
23.4122,7.811832,10.015067,17.826899,11.630084037780762,30.54205322265625,SiO2
25.0266,7.811832,10.015067,17.826899,11.630084037780762,30.54205322265625,SiO2
21.837,7.811832,10.015067,17.826899,11.630084037780762,30.54205322265625,SiO2
22.3422,7.811832,10.015067,17.826899,11.630084037780762,30.54205322265625,SiO2
12.74338,7.685251,23.145561,30.830812,15.791890144348145,41.45537185668945,SiN
13.85362,7.685251,23.145561,30.830812,15.791890144348145,41.45537185668945,SiN
11.70418,7.685251,23.145561,30.830812,15.791890144348145,41.45537185668945,SiN
14.77422,7.685251,23.145561,30.830812,15.791890144348145,41.45537185668945,SiN
12.36902,7.685251,23.145561,30.830812,15.791890144348145,41.45537185668945,SiN
42.6568,7.6161394,27.148619,34.76476,26.766494750976562,49.526554107666016,Si
38.7918,7.6161394,27.148619,34.76476,26.766494750976562,49.526554107666016,Si
39.1844,7.6161394,27.148619,34.76476,26.766494750976562,49.526554107666016,Si
37.6314,7.6161394,27.148619,34.76476,26.766494750976562,49.526554107666016,Si
37.8394,7.6161394,27.148619,34.76476,26.766494750976562,49.526554107666016,Si
38.5232,7.789191,15.011343,22.800533,16.603717803955078,35.51568603515625,SiO2
35.9692,7.789191,15.011343,22.800533,16.603717803955078,35.51568603515625,SiO2
40.5932,7.789191,15.011343,22.800533,16.603717803955078,35.51568603515625,SiO2
43.5476,7.789191,15.011343,22.800533,16.603717803955078,35.51568603515625,SiO2
39.715,7.789191,15.011343,22.800533,16.603717803955078,35.51568603515625,SiO2
32.6868,7.789191,15.011343,22.800533,16.603717803955078,35.51568603515625,SiO2
32.5218,7.789191,15.011343,22.800533,16.603717803955078,35.51568603515625,SiO2
30.0376,7.789191,15.011343,22.800533,16.603717803955078,35.51568603515625,SiO2
31.1354,7.789191,15.011343,22.800533,16.603717803955078,35.51568603515625,SiO2
29.0422,7.789191,15.011343,22.800533,16.603717803955078,35.51568603515625,SiO2
17.73802,7.587976,17.268942,24.856918,16.858654022216797,39.61871337890625,Si
18.43678,7.587976,17.268942,24.856918,16.858654022216797,39.61871337890625,Si
17.8232,7.587976,17.268942,24.856918,16.858654022216797,39.61871337890625,Si
19.2218,7.587976,17.268942,24.856918,16.858654022216797,39.61871337890625,Si
19.56214,7.587976,17.268942,24.856918,16.858654022216797,39.61871337890625,Si
24.0026,7.7587028,11.3685255,19.127228,12.930413246154785,31.842382431030273,SiO2
20.7318,7.7587028,11.3685255,19.127228,12.930413246154785,31.842382431030273,SiO2
20.0544,7.7587028,11.3685255,19.127228,12.930413246154785,31.842382431030273,SiO2
18.85614,7.7587028,11.3685255,19.127228,12.930413246154785,31.842382431030273,SiO2
19.58424,7.7587028,11.3685255,19.127228,12.930413246154785,31.842382431030273,SiO2
31.288,7.696369,20.30119,27.997559,12.958636283874512,38.62211990356445,SiN
36.3638,7.696369,20.30119,27.997559,12.958636283874512,38.62211990356445,SiN
31.4274,7.696369,20.30119,27.997559,12.958636283874512,38.62211990356445,SiN
34.8918,7.696369,20.30119,27.997559,12.958636283874512,38.62211990356445,SiN
31.7296,7.696369,20.30119,27.997559,12.958636283874512,38.62211990356445,SiN
16.53868,7.625724,15.148597,22.77432,14.776057243347168,37.53611755371094,Si
17.73464,7.625724,15.148597,22.77432,14.776057243347168,37.53611755371094,Si
17.14824,7.625724,15.148597,22.77432,14.776057243347168,37.53611755371094,Si
17.47604,7.625724,15.148597,22.77432,14.776057243347168,37.53611755371094,Si
16.78842,7.625724,15.148597,22.77432,14.776057243347168,37.53611755371094,Si
19.37096,7.8206267,12.449086,20.269712,14.072897911071777,32.984867095947266,SiO2
18.74808,7.8206267,12.449086,20.269712,14.072897911071777,32.984867095947266,SiO2
20.5426,7.8206267,12.449086,20.269712,14.072897911071777,32.984867095947266,SiO2
18.64482,7.8206267,12.449086,20.269712,14.072897911071777,32.984867095947266,SiO2
18.37536,7.8206267,12.449086,20.269712,14.072897911071777,32.984867095947266,SiO2
33.2806,7.744315,22.436209,30.180523,15.141600608825684,40.805084228515625,SiN
36.1206,7.744315,22.436209,30.180523,15.141600608825684,40.805084228515625,SiN
32.7066,7.744315,22.436209,30.180523,15.141600608825684,40.805084228515625,SiN
35.5364,7.744315,22.436209,30.180523,15.141600608825684,40.805084228515625,SiN
33.1896,7.744315,22.436209,30.180523,15.141600608825684,40.805084228515625,SiN
22.4338,7.6589394,11.655454,19.314392,11.316128730773926,34.07618713378906,Si
21.5768,7.6589394,11.655454,19.314392,11.316128730773926,34.07618713378906,Si
20.9564,7.6589394,11.655454,19.314392,11.316128730773926,34.07618713378906,Si
20.0002,7.6589394,11.655454,19.314392,11.316128730773926,34.07618713378906,Si
18.0265,7.6589394,11.655454,19.314392,11.316128730773926,34.07618713378906,Si
22.568,7.878943,12.415976,20.294918,14.098103523254395,33.01007080078125,SiO2
23.2146,7.878943,12.415976,20.294918,14.098103523254395,33.01007080078125,SiO2
22.3134,7.878943,12.415976,20.294918,14.098103523254395,33.01007080078125,SiO2
23.3308,7.878943,12.415976,20.294918,14.098103523254395,33.01007080078125,SiO2
23.3734,7.878943,12.415976,20.294918,14.098103523254395,33.01007080078125,SiO2
34.0322,7.789174,22.85432,30.643494,15.604571342468262,41.2680549621582,SiN
35.2726,7.789174,22.85432,30.643494,15.604571342468262,41.2680549621582,SiN
35.0236,7.789174,22.85432,30.643494,15.604571342468262,41.2680549621582,SiN
39.667,7.789174,22.85432,30.643494,15.604571342468262,41.2680549621582,SiN
38.8788,7.789174,22.85432,30.643494,15.604571342468262,41.2680549621582,SiN
17.97366,7.687706,6.107914,13.79562,5.797356605529785,28.557415008544922,Si
17.57862,7.687706,6.107914,13.79562,5.797356605529785,28.557415008544922,Si
19.44608,7.687706,6.107914,13.79562,5.797356605529785,28.557415008544922,Si
18.95934,7.687706,6.107914,13.79562,5.797356605529785,28.557415008544922,Si
19.1414,7.687706,6.107914,13.79562,5.797356605529785,28.557415008544922,Si
19.40132,7.9331293,11.135591,19.06872,12.871905326843262,31.78387451171875,SiO2
18.26042,7.9331293,11.135591,19.06872,12.871905326843262,31.78387451171875,SiO2
17.88844,7.9331293,11.135591,19.06872,12.871905326843262,31.78387451171875,SiO2
20.1392,7.9331293,11.135591,19.06872,12.871905326843262,31.78387451171875,SiO2
19.77268,7.9331293,11.135591,19.06872,12.871905326843262,31.78387451171875,SiO2
31.3326,7.830635,21.607471,29.438107,14.399184226989746,40.06266784667969,SiN
31.9792,7.830635,21.607471,29.438107,14.399184226989746,40.06266784667969,SiN
31.3248,7.830635,21.607471,29.438107,14.399184226989746,40.06266784667969,SiN
31.794,7.830635,21.607471,29.438107,14.399184226989746,40.06266784667969,SiN
33.718,7.830635,21.607471,29.438107,14.399184226989746,40.06266784667969,SiN
15.7184,7.9828835,7.6617317,15.644615,9.447800636291504,28.359769821166992,SiO2
15.82,7.9828835,7.6617317,15.644615,9.447800636291504,28.359769821166992,SiO2
14.982,7.9828835,7.6617317,15.644615,9.447800636291504,28.359769821166992,SiO2
17.50976,7.9828835,7.6617317,15.644615,9.447800636291504,28.359769821166992,SiO2
16.76778,7.9828835,7.6617317,15.644615,9.447800636291504,28.359769821166992,SiO2
25.8048,7.8685417,17.929182,25.797724,10.758801460266113,36.42228317260742,SiN
27.1182,7.8685417,17.929182,25.797724,10.758801460266113,36.42228317260742,SiN
16.6485,7.8077893,12.690477,20.498266,14.301451683044434,33.21342086791992,SiO2
17.12974,7.8077893,12.690477,20.498266,14.301451683044434,33.21342086791992,SiO2
19.73136,7.8077893,12.690477,20.498266,14.301451683044434,33.21342086791992,SiO2
17.41968,7.8077893,12.690477,20.498266,14.301451683044434,33.21342086791992,SiO2
19.91218,7.8077893,12.690477,20.498266,14.301451683044434,33.21342086791992,SiO2
32.1708,7.7207017,21.59231,29.313011,14.274088859558105,39.93757247924805,SiN
35.0944,7.7207017,21.59231,29.313011,14.274088859558105,39.93757247924805,SiN
32.7128,7.7207017,21.59231,29.313011,14.274088859558105,39.93757247924805,SiN
32.313,7.7207017,21.59231,29.313011,14.274088859558105,39.93757247924805,SiN
30.5248,7.7207017,21.59231,29.313011,14.274088859558105,39.93757247924805,SiN
21.4168,7.8659067,15.843312,23.709219,17.512405395507812,36.424373626708984,SiO2
20.4046,7.8659067,15.843312,23.709219,17.512405395507812,36.424373626708984,SiO2
21.6992,7.8659067,15.843312,23.709219,17.512405395507812,36.424373626708984,SiO2
21.2156,7.8659067,15.843312,23.709219,17.512405395507812,36.424373626708984,SiO2
21.7202,7.8659067,15.843312,23.709219,17.512405395507812,36.424373626708984,SiO2
34.1348,7.774823,22.538488,30.313313,15.27439022064209,40.93787384033203,SiN
33.4558,7.774823,22.538488,30.313313,15.27439022064209,40.93787384033203,SiN
34.2574,7.774823,22.538488,30.313313,15.27439022064209,40.93787384033203,SiN
35.4786,7.774823,22.538488,30.313313,15.27439022064209,40.93787384033203,SiN
35.6206,7.774823,22.538488,30.313313,15.27439022064209,40.93787384033203,SiN
19.25668,7.908701,17.046778,24.955479,18.758663177490234,37.670631408691406,SiO2
22.4764,7.908701,17.046778,24.955479,18.758663177490234,37.670631408691406,SiO2
21.023,7.908701,17.046778,24.955479,18.758663177490234,37.670631408691406,SiO2
20.8722,7.908701,17.046778,24.955479,18.758663177490234,37.670631408691406,SiO2
21.497,7.908701,17.046778,24.955479,18.758663177490234,37.670631408691406,SiO2
36.5604,7.8134923,22.040466,29.853958,14.815035820007324,40.478519439697266,SiN
36.5642,7.8134923,22.040466,29.853958,14.815035820007324,40.478519439697266,SiN
35.666,7.8134923,22.040466,29.853958,14.815035820007324,40.478519439697266,SiN
37.0884,7.8134923,22.040466,29.853958,14.815035820007324,40.478519439697266,SiN
36.4574,7.8134923,22.040466,29.853958,14.815035820007324,40.478519439697266,SiN
21.0058,7.9396486,16.536444,24.476093,18.279277801513672,37.191246032714844,SiO2
21.6458,7.9396486,16.536444,24.476093,18.279277801513672,37.191246032714844,SiO2
20.277,7.9396486,16.536444,24.476093,18.279277801513672,37.191246032714844,SiO2
20.866,7.9396486,16.536444,24.476093,18.279277801513672,37.191246032714844,SiO2
21.1608,7.9396486,16.536444,24.476093,18.279277801513672,37.191246032714844,SiO2
33.3764,7.840785,20.09489,27.935677,12.896754264831543,38.560237884521484,SiN
31.477,7.840785,20.09489,27.935677,12.896754264831543,38.560237884521484,SiN
32.5958,7.840785,20.09489,27.935677,12.896754264831543,38.560237884521484,SiN
32.8008,7.840785,20.09489,27.935677,12.896754264831543,38.560237884521484,SiN
30.5206,7.840785,20.09489,27.935677,12.896754264831543,38.560237884521484,SiN
19.10812,7.9614315,14.439085,22.400517,16.20370101928711,35.11566925048828,SiO2
16.1906,7.9614315,14.439085,22.400517,16.20370101928711,35.11566925048828,SiO2
18.092,7.9614315,14.439085,22.400517,16.20370101928711,35.11566925048828,SiO2
16.22554,7.9614315,14.439085,22.400517,16.20370101928711,35.11566925048828,SiO2
17.79686,7.9614315,14.439085,22.400517,16.20370101928711,35.11566925048828,SiO2
25.524,7.8596153,16.463371,24.322987,9.284064292907715,34.947547912597656,SiN
24.706,7.8596153,16.463371,24.322987,9.284064292907715,34.947547912597656,SiN
26.3356,7.8596153,16.463371,24.322987,9.284064292907715,34.947547912597656,SiN
25.718,7.8596153,16.463371,24.322987,9.284064292907715,34.947547912597656,SiN
26.4666,7.8596153,16.463371,24.322987,9.284064292907715,34.947547912597656,SiN
25.3203,11.934118,14.548534,26.482653,18.484390258789062,41.244449615478516,Si
27.19375,11.934118,14.548534,26.482653,18.484390258789062,41.244449615478516,Si
22.61605,11.934118,14.548534,26.482653,18.484390258789062,41.244449615478516,Si
21.5147,11.934118,14.548534,26.482653,18.484390258789062,41.244449615478516,Si
21.47195,11.934118,14.548534,26.482653,18.484390258789062,41.244449615478516,Si
31.8369,11.643218,19.834867,31.478085,25.281269073486328,44.1932373046875,SiO2
29.3008,11.643218,19.834867,31.478085,25.281269073486328,44.1932373046875,SiO2
28.6305,11.643218,19.834867,31.478085,25.281269073486328,44.1932373046875,SiO2
29.00185,11.643218,19.834867,31.478085,25.281269073486328,44.1932373046875,SiO2
25.6414,11.643218,19.834867,31.478085,25.281269073486328,44.1932373046875,SiO2
38.97395,11.877785,28.55044,40.428223,25.389301300048828,51.05278396606445,SiN
38.54755,11.877785,28.55044,40.428223,25.389301300048828,51.05278396606445,SiN
39.68105,11.877785,28.55044,40.428223,25.389301300048828,51.05278396606445,SiN
39.54925,11.877785,28.55044,40.428223,25.389301300048828,51.05278396606445,SiN
40.4097,11.877785,28.55044,40.428223,25.389301300048828,51.05278396606445,SiN
40.5571,11.877785,28.55044,40.428223,25.389301300048828,51.05278396606445,SiN
33.1009,11.877785,28.55044,40.428223,25.389301300048828,51.05278396606445,SiN
40.6015,11.877785,28.55044,40.428223,25.389301300048828,51.05278396606445,SiN
41.78045,11.877785,28.55044,40.428223,25.389301300048828,51.05278396606445,SiN
35.2296,11.877785,28.55044,40.428223,25.389301300048828,51.05278396606445,SiN
26.77785,11.903675,15.92533,27.829006,19.83074188232422,42.59080123901367,Si
25.0246,11.903675,15.92533,27.829006,19.83074188232422,42.59080123901367,Si
26.14845,11.903675,15.92533,27.829006,19.83074188232422,42.59080123901367,Si
24.671,11.903675,15.92533,27.829006,19.83074188232422,42.59080123901367,Si
25.21815,11.903675,15.92533,27.829006,19.83074188232422,42.59080123901367,Si
32.0668,11.625745,20.332794,31.958538,25.761722564697266,44.67369079589844,SiO2
29.0634,11.625745,20.332794,31.958538,25.761722564697266,44.67369079589844,SiO2
30.3933,11.625745,20.332794,31.958538,25.761722564697266,44.67369079589844,SiO2
29.5283,11.625745,20.332794,31.958538,25.761722564697266,44.67369079589844,SiO2
29.01755,11.625745,20.332794,31.958538,25.761722564697266,44.67369079589844,SiO2
38.6134,11.861959,28.025785,39.887745,24.84882354736328,50.512306213378906,SiN
37.442,11.861959,28.025785,39.887745,24.84882354736328,50.512306213378906,SiN
42.92705,11.861959,28.025785,39.887745,24.84882354736328,50.512306213378906,SiN
41.2033,11.861959,28.025785,39.887745,24.84882354736328,50.512306213378906,SiN
39.5361,11.861959,28.025785,39.887745,24.84882354736328,50.512306213378906,SiN
40.67475,11.861959,28.025785,39.887745,24.84882354736328,50.512306213378906,SiN
40.287,11.861959,28.025785,39.887745,24.84882354736328,50.512306213378906,SiN
38.92415,11.861959,28.025785,39.887745,24.84882354736328,50.512306213378906,SiN
37.0807,11.861959,28.025785,39.887745,24.84882354736328,50.512306213378906,SiN
47.51445,11.861959,28.025785,39.887745,24.84882354736328,50.512306213378906,SiN
28.62725,11.8846445,17.029049,28.913692,20.915428161621094,43.67548751831055,Si
26.3297,11.8846445,17.029049,28.913692,20.915428161621094,43.67548751831055,Si
28.15445,11.8846445,17.029049,28.913692,20.915428161621094,43.67548751831055,Si
27.2043,11.8846445,17.029049,28.913692,20.915428161621094,43.67548751831055,Si
26.73065,11.8846445,17.029049,28.913692,20.915428161621094,43.67548751831055,Si
31.38645,11.611096,20.644585,32.25568,26.05886459350586,44.97083282470703,SiO2
27.2362,11.611096,20.644585,32.25568,26.05886459350586,44.97083282470703,SiO2
29.83145,11.611096,20.644585,32.25568,26.05886459350586,44.97083282470703,SiO2
34.6509,11.611096,20.644585,32.25568,26.05886459350586,44.97083282470703,SiO2
30.51855,11.611096,20.644585,32.25568,26.05886459350586,44.97083282470703,SiO2
44.1654,11.847889,27.42875,39.276638,24.237716674804688,49.90119934082031,SiN
43.6862,11.847889,27.42875,39.276638,24.237716674804688,49.90119934082031,SiN
41.0832,11.847889,27.42875,39.276638,24.237716674804688,49.90119934082031,SiN
41.02575,11.847889,27.42875,39.276638,24.237716674804688,49.90119934082031,SiN
43.8372,11.847889,27.42875,39.276638,24.237716674804688,49.90119934082031,SiN
41.86815,11.847889,27.42875,39.276638,24.237716674804688,49.90119934082031,SiN
43.55255,11.847889,27.42875,39.276638,24.237716674804688,49.90119934082031,SiN
46.8896,11.847889,27.42875,39.276638,24.237716674804688,49.90119934082031,SiN
39.88,11.847889,27.42875,39.276638,24.237716674804688,49.90119934082031,SiN
42.23325,11.847889,27.42875,39.276638,24.237716674804688,49.90119934082031,SiN
26.59055,11.871719,17.910255,29.781975,21.783710479736328,44.54376983642578,Si
26.3723,11.871719,17.910255,29.781975,21.783710479736328,44.54376983642578,Si
27.09385,11.871719,17.910255,29.781975,21.783710479736328,44.54376983642578,Si
27.60815,11.871719,17.910255,29.781975,21.783710479736328,44.54376983642578,Si
31.94715,11.599123,20.805616,32.40474,26.207923889160156,45.119895935058594,SiO2
31.89055,11.599123,20.805616,32.40474,26.207923889160156,45.119895935058594,SiO2
30.97735,11.599123,20.805616,32.40474,26.207923889160156,45.119895935058594,SiO2
31.7769,11.599123,20.805616,32.40474,26.207923889160156,45.119895935058594,SiO2
30.2876,11.599123,20.805616,32.40474,26.207923889160156,45.119895935058594,SiO2
49.22335,11.835831,26.762981,38.598812,23.559890747070312,49.22337341308594,SiN
48.7411,11.835831,26.762981,38.598812,23.559890747070312,49.22337341308594,SiN
47.65955,11.835831,26.762981,38.598812,23.559890747070312,49.22337341308594,SiN
46.49715,11.835831,26.762981,38.598812,23.559890747070312,49.22337341308594,SiN
47.23415,11.835831,26.762981,38.598812,23.559890747070312,49.22337341308594,SiN
47.37435,11.835831,26.762981,38.598812,23.559890747070312,49.22337341308594,SiN
41.3151,11.835831,26.762981,38.598812,23.559890747070312,49.22337341308594,SiN
45.78925,11.835831,26.762981,38.598812,23.559890747070312,49.22337341308594,SiN
41.61115,11.835831,26.762981,38.598812,23.559890747070312,49.22337341308594,SiN
44.77055,11.835831,26.762981,38.598812,23.559890747070312,49.22337341308594,SiN
20.0787,11.862311,18.606125,30.468437,22.470172882080078,45.23023223876953,Si
24.45265,11.862311,18.606125,30.468437,22.470172882080078,45.23023223876953,Si
24.39805,11.862311,18.606125,30.468437,22.470172882080078,45.23023223876953,Si
25.0563,11.862311,18.606125,30.468437,22.470172882080078,45.23023223876953,Si
31.0841,11.862311,18.606125,30.468437,22.470172882080078,45.23023223876953,Si
31.07235,11.589522,20.840523,32.430046,26.233230590820312,45.14520263671875,SiO2
30.4015,11.589522,20.840523,32.430046,26.233230590820312,45.14520263671875,SiO2
32.6811,11.589522,20.840523,32.430046,26.233230590820312,45.14520263671875,SiO2
30.7607,11.589522,20.840523,32.430046,26.233230590820312,45.14520263671875,SiO2
31.0149,11.589522,20.840523,32.430046,26.233230590820312,45.14520263671875,SiO2
48.97125,11.82577,26.02405,37.84982,22.810897827148438,48.47438049316406,SiN
45.6691,11.82577,26.02405,37.84982,22.810897827148438,48.47438049316406,SiN
48.00825,11.82577,26.02405,37.84982,22.810897827148438,48.47438049316406,SiN
49.2549,11.82577,26.02405,37.84982,22.810897827148438,48.47438049316406,SiN
43.58875,11.82577,26.02405,37.84982,22.810897827148438,48.47438049316406,SiN
41.08055,11.82577,26.02405,37.84982,22.810897827148438,48.47438049316406,SiN
44.6494,11.82577,26.02405,37.84982,22.810897827148438,48.47438049316406,SiN
41.4522,11.82577,26.02405,37.84982,22.810897827148438,48.47438049316406,SiN
42.7156,11.82577,26.02405,37.84982,22.810897827148438,48.47438049316406,SiN
41.9839,11.82577,26.02405,37.84982,22.810897827148438,48.47438049316406,SiN
21.9119,11.855181,19.147137,31.002317,23.00405502319336,45.76411437988281,Si
22.95035,11.855181,19.147137,31.002317,23.00405502319336,45.76411437988281,Si
23.4945,11.855181,19.147137,31.002317,23.00405502319336,45.76411437988281,Si
22.48905,11.855181,19.147137,31.002317,23.00405502319336,45.76411437988281,Si
23.00835,11.855181,19.147137,31.002317,23.00405502319336,45.76411437988281,Si
34.41085,11.581959,20.76815,32.35011,26.15329360961914,45.06526184082031,SiO2
30.67855,11.581959,20.76815,32.35011,26.15329360961914,45.06526184082031,SiO2
28.14945,11.581959,20.76815,32.35011,26.15329360961914,45.06526184082031,SiO2
31.8028,11.581959,20.76815,32.35011,26.15329360961914,45.06526184082031,SiO2
27.88085,11.581959,20.76815,32.35011,26.15329360961914,45.06526184082031,SiO2
43.03255,11.8175535,25.202253,37.019806,21.980884552001953,47.64436721801758,SiN
41.3116,11.8175535,25.202253,37.019806,21.980884552001953,47.64436721801758,SiN
37.8826,11.8175535,25.202253,37.019806,21.980884552001953,47.64436721801758,SiN
48.42205,11.8175535,25.202253,37.019806,21.980884552001953,47.64436721801758,SiN
37.0473,11.8175535,25.202253,37.019806,21.980884552001953,47.64436721801758,SiN
41.0707,11.8175535,25.202253,37.019806,21.980884552001953,47.64436721801758,SiN
43.71915,11.8175535,25.202253,37.019806,21.980884552001953,47.64436721801758,SiN
43.4945,11.8175535,25.202253,37.019806,21.980884552001953,47.64436721801758,SiN
35.48595,11.8175535,25.202253,37.019806,21.980884552001953,47.64436721801758,SiN
38.51435,11.8175535,25.202253,37.019806,21.980884552001953,47.64436721801758,SiN
33.97635,11.537508,22.031189,33.568695,27.37187957763672,46.283851623535156,SiO2
26.7179,11.537508,22.031189,33.568695,27.37187957763672,46.283851623535156,SiO2
29.09445,11.537508,22.031189,33.568695,27.37187957763672,46.283851623535156,SiO2
23.86085,11.537508,22.031189,33.568695,27.37187957763672,46.283851623535156,SiO2
31.24615,11.537508,22.031189,33.568695,27.37187957763672,46.283851623535156,SiO2
34.73585,11.829982,29.48407,41.314053,26.275131225585938,51.93861389160156,SiN
35.59705,11.829982,29.48407,41.314053,26.275131225585938,51.93861389160156,SiN
39.1942,11.829982,29.48407,41.314053,26.275131225585938,51.93861389160156,SiN
36.0379,11.829982,29.48407,41.314053,26.275131225585938,51.93861389160156,SiN
37.43705,11.829982,29.48407,41.314053,26.275131225585938,51.93861389160156,SiN
32.37965,11.591051,21.871254,33.462303,27.265487670898438,46.177459716796875,SiO2
33.0148,11.591051,21.871254,33.462303,27.265487670898438,46.177459716796875,SiO2
30.4391,11.591051,21.871254,33.462303,27.265487670898438,46.177459716796875,SiO2
30.46505,11.591051,21.871254,33.462303,27.265487670898438,46.177459716796875,SiO2
32.70335,11.591051,21.871254,33.462303,27.265487670898438,46.177459716796875,SiO2
38.6134,11.866278,28.738592,40.60487,25.565948486328125,51.22943115234375,SiN
37.442,11.866278,28.738592,40.60487,25.565948486328125,51.22943115234375,SiN
42.92705,11.866278,28.738592,40.60487,25.565948486328125,51.22943115234375,SiN
41.2033,11.866278,28.738592,40.60487,25.565948486328125,51.22943115234375,SiN
39.5361,11.866278,28.738592,40.60487,25.565948486328125,51.22943115234375,SiN
25.3161,11.656458,18.01727,29.673727,23.476913452148438,42.38888168334961,SiO2
23.19705,11.656458,18.01727,29.673727,23.476913452148438,42.38888168334961,SiO2
30.1265,11.656458,18.01727,29.673727,23.476913452148438,42.38888168334961,SiO2
25.65765,11.656458,18.01727,29.673727,23.476913452148438,42.38888168334961,SiO2
28.48875,11.656458,18.01727,29.673727,23.476913452148438,42.38888168334961,SiO2
33.5096,11.910689,25.105833,37.01652,21.97760009765625,47.641082763671875,SiN
36.7867,11.910689,25.105833,37.01652,21.97760009765625,47.641082763671875,SiN
34.04215,11.910689,25.105833,37.01652,21.97760009765625,47.641082763671875,SiN
40.05005,11.910689,25.105833,37.01652,21.97760009765625,47.641082763671875,SiN
37.2839,11.910689,25.105833,37.01652,21.97760009765625,47.641082763671875,SiN
24.4996,11.687602,7.839393,19.526995,13.330180168151855,32.242149353027344,SiO2
20.5143,11.687602,7.839393,19.526995,13.330180168151855,32.242149353027344,SiO2
19.06585,11.687602,7.839393,19.526995,13.330180168151855,32.242149353027344,SiO2
19.3117,11.687602,7.839393,19.526995,13.330180168151855,32.242149353027344,SiO2
20.3668,11.687602,7.839393,19.526995,13.330180168151855,32.242149353027344,SiO2
19.7652,11.931916,18.63165,30.563568,15.524645805358887,41.18812942504883,SiN
26.0321,11.931916,18.63165,30.563568,15.524645805358887,41.18812942504883,SiN
23.8188,11.931916,18.63165,30.563568,15.524645805358887,41.18812942504883,SiN
21.7996,11.931916,18.63165,30.563568,15.524645805358887,41.18812942504883,SiN
23.77785,11.931916,18.63165,30.563568,15.524645805358887,41.18812942504883,SiN
10.51955,11.69968,-1.1136682,10.586012,4.38919734954834,23.301166534423828,SiO2
18.6744,11.69968,-1.1136682,10.586012,4.38919734954834,23.301166534423828,SiO2
15.50175,11.69968,-1.1136682,10.586012,4.38919734954834,23.301166534423828,SiO2
14.7515,11.69968,-1.1136682,10.586012,4.38919734954834,23.301166534423828,SiO2
16.7502,11.69968,-1.1136682,10.586012,4.38919734954834,23.301166534423828,SiO2
13.1444,11.940182,8.403811,20.343994,5.305071830749512,30.968555450439453,SiN
13.36925,11.940182,8.403811,20.343994,5.305071830749512,30.968555450439453,SiN
11.39935,11.940182,8.403811,20.343994,5.305071830749512,30.968555450439453,SiN
11.02375,11.940182,8.403811,20.343994,5.305071830749512,30.968555450439453,SiN
9.3441,11.940182,8.403811,20.343994,5.305071830749512,30.968555450439453,SiN
9.53695,11.778255,4.031221,15.809477,9.612662315368652,28.52463150024414,SiO2
15.8347,11.778255,4.031221,15.809477,9.612662315368652,28.52463150024414,SiO2
16.1286,11.778255,4.031221,15.809477,9.612662315368652,28.52463150024414,SiO2
11.8387,11.778255,4.031221,15.809477,9.612662315368652,28.52463150024414,SiO2
9.69365,11.778255,4.031221,15.809477,9.612662315368652,28.52463150024414,SiO2
20.96735,11.941477,12.448903,24.39038,9.351458549499512,35.01494216918945,SiN
21.6293,11.760127,13.303396,25.063522,18.86670684814453,37.77867889404297,SiO2
21.5079,11.760127,13.303396,25.063522,18.86670684814453,37.77867889404297,SiO2
21.3609,11.760127,13.303396,25.063522,18.86670684814453,37.77867889404297,SiO2
22.9569,11.760127,13.303396,25.063522,18.86670684814453,37.77867889404297,SiO2
19.89635,11.760127,13.303396,25.063522,18.86670684814453,37.77867889404297,SiO2
33.3543,11.930068,20.40899,32.339058,17.30013656616211,42.963619232177734,SiN
36.3179,11.930068,20.40899,32.339058,17.30013656616211,42.963619232177734,SiN
34.6335,11.930068,20.40899,32.339058,17.30013656616211,42.963619232177734,SiN
31.6915,11.930068,20.40899,32.339058,17.30013656616211,42.963619232177734,SiN
33.43365,11.930068,20.40899,32.339058,17.30013656616211,42.963619232177734,SiN
22.1703,11.72147,18.130924,29.852394,23.65557861328125,42.56755065917969,SiO2
23.69775,11.72147,18.130924,29.852394,23.65557861328125,42.56755065917969,SiO2
23.2873,11.72147,18.130924,29.852394,23.65557861328125,42.56755065917969,SiO2
23.95165,11.72147,18.130924,29.852394,23.65557861328125,42.56755065917969,SiO2
23.9897,11.72147,18.130924,29.852394,23.65557861328125,42.56755065917969,SiO2
39.29495,11.905121,24.858988,36.764107,21.72518539428711,47.388668060302734,SiN
37.4009,11.905121,24.858988,36.764107,21.72518539428711,47.388668060302734,SiN
37.2122,11.905121,24.858988,36.764107,21.72518539428711,47.388668060302734,SiN
39.43265,11.905121,24.858988,36.764107,21.72518539428711,47.388668060302734,SiN
35.6343,11.905121,24.858988,36.764107,21.72518539428711,47.388668060302734,SiN
32.38105,11.6797085,20.477968,32.157677,25.960861206054688,44.872833251953125,SiO2
32.0131,11.6797085,20.477968,32.157677,25.960861206054688,44.872833251953125,SiO2
29.5596,11.6797085,20.477968,32.157677,25.960861206054688,44.872833251953125,SiO2
29.7059,11.6797085,20.477968,32.157677,25.960861206054688,44.872833251953125,SiO2
33.12095,11.6797085,20.477968,32.157677,25.960861206054688,44.872833251953125,SiO2
45.23605,11.877254,27.418055,39.295307,24.256385803222656,49.91986846923828,SiN
44.4362,11.877254,27.418055,39.295307,24.256385803222656,49.91986846923828,SiN
47.84285,11.877254,27.418055,39.295307,24.256385803222656,49.91986846923828,SiN
48.45715,11.877254,27.418055,39.295307,24.256385803222656,49.91986846923828,SiN
46.62365,11.877254,27.418055,39.295307,24.256385803222656,49.91986846923828,SiN
27.2624,11.635058,21.40561,33.04067,26.843852996826172,45.755821228027344,SiO2
29.9035,11.635058,21.40561,33.04067,26.843852996826172,45.755821228027344,SiO2
27.46385,11.635058,21.40561,33.04067,26.843852996826172,45.755821228027344,SiO2
29.28635,11.635058,21.40561,33.04067,26.843852996826172,45.755821228027344,SiO2
26.75685,11.635058,21.40561,33.04067,26.843852996826172,45.755821228027344,SiO2
42.33405,11.846454,29.015993,40.862446,25.823524475097656,51.48700714111328,SiN
40.55675,11.846454,29.015993,40.862446,25.823524475097656,51.48700714111328,SiN
41.37805,11.846454,29.015993,40.862446,25.823524475097656,51.48700714111328,SiN
39.29645,11.846454,29.015993,40.862446,25.823524475097656,51.48700714111328,SiN
44.4569,11.846454,29.015993,40.862446,25.823524475097656,51.48700714111328,SiN
33.04125,11.641021,20.939959,32.58098,26.38416290283203,45.29613494873047,SiO2
38.7209,11.641021,20.939959,32.58098,26.38416290283203,45.29613494873047,SiO2
39.9038,11.641021,20.939959,32.58098,26.38416290283203,45.29613494873047,SiO2
36.1237,11.641021,20.939959,32.58098,26.38416290283203,45.29613494873047,SiO2
39.4574,11.641021,20.939959,32.58098,26.38416290283203,45.29613494873047,SiO2
51.9715,11.843897,28.16042,40.00432,24.965396881103516,50.62887954711914,SiN
55.069,11.843897,28.16042,40.00432,24.965396881103516,50.62887954711914,SiN
50.1295,11.843897,28.16042,40.00432,24.965396881103516,50.62887954711914,SiN
54.674,11.843897,28.16042,40.00432,24.965396881103516,50.62887954711914,SiN
49.28295,11.843897,28.16042,40.00432,24.965396881103516,50.62887954711914,SiN
34.3671,11.768045,14.8340845,26.60213,18.603866577148438,41.36392593383789,Si
33.7407,11.768045,14.8340845,26.60213,18.603866577148438,41.36392593383789,Si
34.0297,11.768045,14.8340845,26.60213,18.603866577148438,41.36392593383789,Si
33.80635,11.768045,14.8340845,26.60213,18.603866577148438,41.36392593383789,Si
41.22495,11.641021,19.910471,31.55149,25.35467529296875,44.26664733886719,SiO2
36.69935,11.641021,19.910471,31.55149,25.35467529296875,44.26664733886719,SiO2
37.10615,11.641021,19.910471,31.55149,25.35467529296875,44.26664733886719,SiO2
37.02665,11.641021,19.910471,31.55149,25.35467529296875,44.26664733886719,SiO2
38.6627,11.641021,19.910471,31.55149,25.35467529296875,44.26664733886719,SiO2
40.85425,11.843897,19.20807,31.051968,16.013046264648438,41.67652893066406,SiN
39.4821,11.843897,19.20807,31.051968,16.013046264648438,41.67652893066406,SiN
36.5128,11.843897,19.20807,31.051968,16.013046264648438,41.67652893066406,SiN
40.8099,11.843897,19.20807,31.051968,16.013046264648438,41.67652893066406,SiN
39.84125,11.843897,19.20807,31.051968,16.013046264648438,41.67652893066406,SiN
34.95495,11.641021,28.626776,40.267796,34.070980072021484,52.982948303222656,SiO2
35.5777,11.641021,28.626776,40.267796,34.070980072021484,52.982948303222656,SiO2
37.6624,11.641021,28.626776,40.267796,34.070980072021484,52.982948303222656,SiO2
37.91595,11.641021,28.626776,40.267796,34.070980072021484,52.982948303222656,SiO2
39.7991,11.641021,28.626776,40.267796,34.070980072021484,52.982948303222656,SiO2
46.1901,11.843897,22.478443,34.322342,19.28342056274414,44.946903228759766,SiN
38.9353,11.843897,22.478443,34.322342,19.28342056274414,44.946903228759766,SiN
38.23895,11.843897,22.478443,34.322342,19.28342056274414,44.946903228759766,SiN
39.6285,11.843897,22.478443,34.322342,19.28342056274414,44.946903228759766,SiN
40.52045,11.843897,22.478443,34.322342,19.28342056274414,44.946903228759766,SiN
33.5244,11.854186,14.446343,26.30053,18.302265167236328,41.06232452392578,Si
30.1459,11.854186,14.446343,26.30053,18.302265167236328,41.06232452392578,Si
33.3926,11.854186,14.446343,26.30053,18.302265167236328,41.06232452392578,Si
32.87765,11.854186,14.446343,26.30053,18.302265167236328,41.06232452392578,Si
31.4705,11.854186,14.446343,26.30053,18.302265167236328,41.06232452392578,Si
31.94945,11.854186,14.446343,26.30053,18.302265167236328,41.06232452392578,Si
28.5961,11.854186,14.446343,26.30053,18.302265167236328,41.06232452392578,Si
30.3192,11.854186,14.446343,26.30053,18.302265167236328,41.06232452392578,Si
30.3113,11.854186,14.446343,26.30053,18.302265167236328,41.06232452392578,Si
36.5851,11.618072,20.509407,32.12748,25.9306640625,44.84263610839844,SiO2
42.99445,11.618072,20.509407,32.12748,25.9306640625,44.84263610839844,SiO2
51.7095,11.618072,20.509407,32.12748,25.9306640625,44.84263610839844,SiO2
37.36075,11.618072,20.509407,32.12748,25.9306640625,44.84263610839844,SiO2
52.452,11.618072,20.509407,32.12748,25.9306640625,44.84263610839844,SiO2
54.9145,11.618072,20.509407,32.12748,25.9306640625,44.84263610839844,SiO2
65.4005,11.618072,20.509407,32.12748,25.9306640625,44.84263610839844,SiO2
42.8823,11.618072,20.509407,32.12748,25.9306640625,44.84263610839844,SiO2
59.7445,11.618072,20.509407,32.12748,25.9306640625,44.84263610839844,SiO2
21.24175,11.887149,30.064968,41.952118,26.913196563720703,52.57667922973633,SiN
25.7204,11.887149,30.064968,41.952118,26.913196563720703,52.57667922973633,SiN
26.06585,11.887149,30.064968,41.952118,26.913196563720703,52.57667922973633,SiN
28.5546,11.887149,30.064968,41.952118,26.913196563720703,52.57667922973633,SiN
22.0708,11.887149,30.064968,41.952118,26.913196563720703,52.57667922973633,SiN
26.9819,11.887149,30.064968,41.952118,26.913196563720703,52.57667922973633,SiN
28.1486,11.887149,30.064968,41.952118,26.913196563720703,52.57667922973633,SiN
28.353,11.887149,30.064968,41.952118,26.913196563720703,52.57667922973633,SiN
27.80465,11.887149,30.064968,41.952118,26.913196563720703,52.57667922973633,SiN
23.9659,11.854186,12.612868,24.467054,16.468791961669922,39.228851318359375,Si
23.70425,11.854186,12.612868,24.467054,16.468791961669922,39.228851318359375,Si
21.81425,11.854186,12.612868,24.467054,16.468791961669922,39.228851318359375,Si
25.7581,11.854186,12.612868,24.467054,16.468791961669922,39.228851318359375,Si
24.1207,11.854186,12.612868,24.467054,16.468791961669922,39.228851318359375,Si
24.80485,11.854186,12.612868,24.467054,16.468791961669922,39.228851318359375,Si
24.9887,11.854186,12.612868,24.467054,16.468791961669922,39.228851318359375,Si
25.5683,11.854186,12.612868,24.467054,16.468791961669922,39.228851318359375,Si
22.11775,11.854186,12.612868,24.467054,16.468791961669922,39.228851318359375,Si
23.98635,11.854186,12.612868,24.467054,16.468791961669922,39.228851318359375,Si
25.6254,11.618072,23.358047,34.97612,28.77930450439453,47.69127655029297,SiO2
34.0444,11.618072,23.358047,34.97612,28.77930450439453,47.69127655029297,SiO2
31.9086,11.618072,23.358047,34.97612,28.77930450439453,47.69127655029297,SiO2
29.80185,11.618072,23.358047,34.97612,28.77930450439453,47.69127655029297,SiO2
34.8582,11.618072,23.358047,34.97612,28.77930450439453,47.69127655029297,SiO2
37.3016,11.618072,23.358047,34.97612,28.77930450439453,47.69127655029297,SiO2
32.53245,11.618072,23.358047,34.97612,28.77930450439453,47.69127655029297,SiO2
30.03365,11.618072,23.358047,34.97612,28.77930450439453,47.69127655029297,SiO2
26.449,11.618072,23.358047,34.97612,28.77930450439453,47.69127655029297,SiO2
36.2736,11.618072,23.358047,34.97612,28.77930450439453,47.69127655029297,SiO2
27.79925,11.887149,26.739586,38.626736,23.587814331054688,49.25129699707031,SiN
36.23235,11.887149,26.739586,38.626736,23.587814331054688,49.25129699707031,SiN
33.2934,11.887149,26.739586,38.626736,23.587814331054688,49.25129699707031,SiN
30.88435,11.887149,26.739586,38.626736,23.587814331054688,49.25129699707031,SiN
30.8621,11.887149,26.739586,38.626736,23.587814331054688,49.25129699707031,SiN
24.68655,11.887149,26.739586,38.626736,23.587814331054688,49.25129699707031,SiN
28.37295,11.887149,26.739586,38.626736,23.587814331054688,49.25129699707031,SiN
25.8326,11.887149,26.739586,38.626736,23.587814331054688,49.25129699707031,SiN
37.78165,11.887149,26.739586,38.626736,23.587814331054688,49.25129699707031,SiN
